"Wind_direction","Humidity","Pressure ","Temperature"
"92.9","67.5","888.7","-2.9"
"93","69.6","888.4","-3.1"
"95.3","72.4","888.2","-3.5"
"89.6","74.1","887.9","-3.6"
"91.3","75.9","887.7","-3.8"
"90.5","77.5","887.4","-4.1"
"87.7","78.7","887.2","-4.3"
"90.8","78.7","887","-4.3"
"92.7","78.8","886.7","-4.2"
"92.7","79.7","886.6","-4.5"
"89.8","80.3","886.4","-4.7"
"88.6","80.6","886.2","-4.7"
"85.9","80.5","886","-4.8"
"81.4","80.2","885.8","-4.9"
"77","81","885.6","-5"
"75","81.4","885.5","-5"
"76.5","80.8","885.3","-4.8"
"78.4","80.3","885.2","-4.7"
"71.7","80.9","885","-4.9"
"74.3","80.3","884.9","-4.7"
"78.3","80.4","884.8","-4.7"
"65","80.5","884.6","-4.7"
"64.1","80","884.5","-4.5"
"72.2","79.1","884.4","-4.4"
"73.7","79.3","884.3","-4.5"
"78.3","80.1","884.2","-4.6"
"55.5","80.2","884","-4.6"
"78","79.5","883.9","-4.6"
"54.7","80","883.8","-4.6"
"59.7","79.8","883.6","-4.5"
"56.9","79.6","883.5","-4.4"
"57.1","79.5","883.4","-4.3"
"54.1","79.7","883.4","-4.3"
"67.7","81.4","883.2","-4.3"
"81.6","83.2","883.1","-4.6"
"47.9","84.5","882.9","-4.6"
"55.7","84.8","882.8","-4.6"
"55.2","85.1","882.7","-4.6"
"55.2","85.4","882.5","-4.7"
"55.2","85.5","882.4","-4.6"
"55.2","86.6","882.3","-4.7"
"3.4","90.3","882.1","-4.9"
"3.3","92.8","882","-5"
"2.8","96","881.8","-5.3"
"2.5","98.5","881.6","-5.4"
"306.5","99.4","881.5","-5.6"
"297","99.4","881.2","-5.6"
"294.4","99.4","881.1","-5.6"
"294.1","99.4","880.9","-5.5"
"297.3","99.4","880.6","-5.6"
"286.3","99.4","880.4","-5.4"
"296.1","99.4","880.3","-5.4"
"285.2","99.4","880.1","-5.3"
"303.7","99.4","879.8","-5.8"
"301.8","99.4","879.5","-6"
"291.3","97.5","879.3","-6.2"
"296.8","91.8","879.2","-6.1"
"305.4","83.8","879.1","-5.8"
"323.3","72.6","879.1","-5.6"
"310.3","61.3","879.3","-5.6"
"303.7","62.9","879.1","-5.5"
"306.3","58.2","879","-5.8"
"306.8","53.3","879","-6"
"305.6","52.5","878.9","-6.1"
"294.9","51.9","879","-6.3"
"296.4","51.2","879","-6.6"
"298.3","48.4","878.9","-6.4"
"300.6","47.1","878.7","-6.4"
"300.3","44.3","878.5","-6.4"
"300.3","40.4","878.8","-6.5"
"304.1","38.8","878.8","-6.5"
"302.7","38.1","878.8","-6.6"
"298.7","38.4","878.5","-6.4"
"308.8","33.5","879.1","-6.6"
"302.7","32.6","879.1","-6.7"
"298.7","32.2","879.1","-6.9"
"295.6","32.5","878.9","-7.1"
"299.3","32.9","878.4","-7.5"
"302","32.1","878.7","-7.7"
"304.1","30.9","878.8","-7.9"
"303.5","30.3","879.1","-7.8"
"296.6","29.4","878.7","-7.8"
"298.1","28.2","878.7","-8"
"299.8","27.9","878.9","-7.9"
"294.7","27.4","879.8","-7.8"
"294","26.8","881.4","-7.7"
"298.1","26","883.7","-7.6"
"296.9","25.5","884.1","-7.7"
"308","25.4","881.5","-7.7"
"301.9","25.6","878.5","-7.8"
"303.3","25.7","877","-8"
"304.1","26.2","876.6","-8.1"
"298.9","26.2","876.3","-8.1"
"295.8","27.1","876.1","-8.2"
"293","27","876.1","-8.3"
"298.3","27.3","876","-8.3"
"296.8","28.2","876","-8.4"
"300.3","28.6","875.8","-8.5"
"299.6","28.4","875.8","-8.8"
"299.5","28.5","875.7","-8.9"
"305","29.2","875.6","-9.1"
"300.4","29.7","875.5","-9.3"
"301.1","30.2","875.4","-9.4"
"308.3","30.7","875.3","-9.7"
"306.9","31.3","875.3","-9.8"
"302.3","30.9","875.1","-9.7"
"307.4","31.1","875","-9.8"
"313.8","31.8","874.9","-10"
"306.9","32.4","874.7","-10.2"
"310.8","32.2","874.7","-10.1"
"279.7","33.5","874.6","-10.5"
"257.3","35.4","874.5","-10.9"
"264.9","35.2","874.3","-10.8"
"248.3","34.9","874.2","-10.8"
"278.6","34.7","874.3","-10.5"
"279.2","35.3","874.1","-10.7"
"269.6","35","874.1","-10.7"
"276.1","34.9","874","-10.6"
"287.2","34.5","874","-10.5"
"311.7","33.4","874","-10.3"
"307.7","33.9","873.9","-10.5"
"297.4","34.6","873.8","-10.6"
"297.9","35.5","873.8","-10.9"
"294.9","35.2","873.7","-10.8"
"266.8","37.2","873.7","-11.3"
"263.7","38.9","873.6","-11.6"
"284.9","40.4","873.5","-11.8"
"300.5","39.9","873.4","-11.8"
"305.8","39.9","873.3","-11.8"
"307.7","40.2","873.3","-11.7"
"305.6","40.5","873.3","-11.9"
"298.5","40.2","873.1","-11.9"
"299","40.4","873.1","-11.8"
"306.1","40.1","873","-11.9"
"300.2","39.5","872.9","-12"
"305.5","40.5","872.9","-12.2"
"304","40.7","872.8","-12.1"
"296.5","41.9","872.7","-12.1"
"300.3","43.5","872.7","-12.3"
"308.5","44.5","872.6","-12.5"
"308.5","45.3","872.5","-12.5"
"305.5","44.6","872.4","-12.4"
"303.7","44.1","872.4","-12.4"
"299.5","44.2","872.3","-12.4"
"296.7","44.8","872.3","-12.5"
"301.4","45.5","872.2","-12.7"
"298","46.5","872.2","-13"
"307.2","46.6","872","-13"
"295","48","871.9","-13.2"
"299.3","47.5","871.9","-13"
"296.9","46.8","872.7","-12.7"
"302.9","45.8","874.8","-12.6"
"302","45.2","878.6","-12.4"
"297.5","44.1","884.2","-12.2"
"297","43.3","890.6","-12"
"296.9","41.7","894.6","-11.9"
"303.7","41.3","898.6","-11.6"
"293.9","39.9","901.5","-11.3"
"298.6","39.3","903.7","-11.4"
"299.9","39.3","904.3","-11.2"
"294.1","39.8","908.1","-11.1"
"294.7","39.6","911.7","-10.7"
"298.8","39.1","919.4","-10"
"300.7","37.7","929.3","-9.8"
"294.4","36.4","934.8","-9.7"
"295.1","33.1","940.9","-9.6"
"298.7","34.5","940.3","-9.6"
"293.3","31.6","940.8","-9.4"
"305","31.9","941.5","-9.3"
"298.1","31.4","940","-9"
"290","31.4","937.4","-8.8"
"297.4","33.3","938.8","-9.1"
"294.2","36.5","940","-9"
"296.7","38.9","934.6","-9.6"
"298.2","40.3","895.3","-9.6"
"300.7","42","893.7","-9.7"
"294.7","41.3","895.1","-9.4"
"294.5","39.8","909","-9.3"
"298.7","39","902","-9.3"
"299","37.4","893.2","-9.1"
"295.1","30.2","940.8","-8.6"
"293.9","28.5","906.3","-8.5"
"299.2","26.1","920.5","-8.4"
"296.4","25.6","906","-8.1"
"296.2","24.8","939.9","-8"
"297.3","23.8","940.5","-8.1"
"298.9","24.2","906.1","-8.1"
"300.7","23.7","896.3","-8.3"
"304.1","23.7","891.2","-8.6"
"296.9","23.6","889","-8.8"
"307.4","22.6","888.3","-8.8"
"305","22.3","887.9","-9"
"309.5","22.4","887.6","-9.3"
"304.7","22.6","887.2","-9.5"
"300.3","23.2","886.9","-9.7"
"304.9","23.2","886.6","-9.8"
"303.2","23.9","886.4","-10"
"298.5","24.4","886.1","-10.2"
"302.3","24.2","885.8","-10.2"
"309.4","24","885.6","-10.3"
"308.1","24.1","885.4","-10.5"
"306.7","23.9","885.2","-10.6"
"297","23.5","885","-10.6"
"301.5","23.7","884.7","-10.8"
"296.9","22.9","884.6","-11"
"299.2","22.2","884.4","-11.1"
"305","22.2","884.2","-11.2"
"307.1","22.2","884","-11.4"
"303.7","22.3","883.7","-11.6"
"303.7","22","883.6","-11.7"
"301.3","23","883.5","-12"
"306.5","23.1","883.3","-12.2"
"298.1","24.6","883.1","-12.5"
"299.4","25.1","882.9","-12.7"
"299.2","26.3","882.6","-13"
"299.6","26.9","882.4","-13.2"
"295","28.2","882.1","-13.4"
"301.9","28.9","881.9","-13.6"
"300.4","29.5","881.6","-13.7"
"301.5","29.5","881.5","-13.9"
"303.2","29.3","881.2","-14"
"300.6","30","881.1","-14.2"
"301.3","29.9","880.8","-14.3"
"304.2","28.8","880.6","-14.4"
"302.9","29","880.4","-14.4"
"300.2","29.2","880.3","-14.6"
"305.1","28.9","880.1","-14.7"
"300.7","28.5","879.9","-14.7"
"301.5","28","879.7","-14.8"
"307.5","27.5","879.5","-14.9"
"296","28.2","879.3","-15"
"304.4","28.2","879.3","-15.1"
"298.9","28.5","879","-15.2"
"293.8","29.2","878.9","-15.3"
"303.8","29.7","878.8","-15.4"
"297.1","30.3","878.6","-15.5"
"292.7","30.6","878.5","-15.6"
"303.5","30.7","878.3","-15.6"
"296.5","30.6","878.2","-15.6"
"299.5","31.3","878","-15.7"
"300.2","31.7","877.9","-15.8"
"298.1","32.2","877.8","-15.8"
"299.7","32","877.7","-15.8"
"294.8","32.6","877.6","-15.9"
"292.2","33.1","877.2","-16"
"293.5","34.8","877.6","-16"
"294.9","35.2","879","-15.9"
"297.6","35.3","881.9","-15.9"
"297.2","36.7","886.6","-15.9"
"295.4","35.9","892","-15.8"
"289.2","36.7","897.3","-15.6"
"288.9","37.3","901.5","-15.5"
"293.6","37.5","912","-15.4"
"295.8","37","944.9","-15.1"
"293.3","35.5","945.5","-14.9"
"297.8","35.2","944.9","-14.7"
"295.6","34","944.2","-14.4"
"294.9","35.4","943","-14.1"
"295.2","35.7","942.1","-13.8"
"294.4","34.1","943.3","-13.5"
"295.9","33.8","943.8","-13.3"
"297.5","33.6","942.8","-13"
"296.5","33.8","943.7","-12.7"
"293.6","30.7","939.9","-12.5"
"303.6","29.5","941.9","-11.9"
"291.7","31.3","942.6","-12.2"
"291.2","31.5","939.2","-11.8"
"288.4","31.2","941.8","-11.6"
"295.4","31.1","940.5","-11.7"
"287.4","30.7","940.9","-11.2"
"293","30.2","938.8","-11.1"
"294.1","29.4","942.7","-10.5"
"298.1","29.6","939.9","-10.5"
"295.4","29.8","939.2","-10.5"
"298.8","28.6","941.6","-10.1"
"299.8","28.1","941.8","-9.9"
"297.5","28.5","941.3","-9.9"
"295.6","28.3","941.4","-9.4"
"297.9","28.3","940.6","-9.7"
"296.2","28.4","942","-9.4"
"295.9","28.1","940.2","-9.5"
"290.1","28.5","940.8","-9.4"
"296.7","29.3","940.3","-9.5"
"291.7","30","922.1","-9.7"
"291.8","30.3","897.1","-9.9"
"293.9","30.8","890.5","-10.2"
"289.9","31.2","888.8","-10.3"
"294.1","31.1","888.3","-10.3"
"294","30.6","887.9","-10.2"
"295.4","30.7","887.5","-10.3"
"293.1","30.5","887.1","-10.3"
"290.6","30.8","886.8","-10.3"
"295.4","32.3","886.6","-10.6"
"294.8","32.4","886.3","-10.6"
"296.9","32.6","886.1","-10.6"
"302.1","32","885.9","-10.4"
"298.4","32.1","885.7","-10.4"
"293","32.3","885.5","-10.4"
"293","33.4","885.3","-10.6"
"294.8","33.1","885.2","-10.4"
"295.7","33.2","885","-10.4"
"296.1","33.9","884.8","-10.5"
"296","34.7","884.6","-10.7"
"298.6","34.8","884.5","-10.7"
"294","34.9","884.3","-10.7"
"293.2","35.2","884.2","-10.7"
"289.7","35","884.1","-10.6"
"291.7","35","883.9","-10.6"
"292.9","34.8","883.7","-10.6"
"295.4","34.6","883.5","-10.5"
"291.7","34.6","883.5","-10.5"
"294.9","34.4","883.3","-10.4"
"293.2","34.9","883.2","-10.5"
"291.3","34.9","883","-10.5"
"291.5","35","882.9","-10.6"
"290.6","35.1","882.6","-10.7"
"294.4","35.2","882.6","-10.7"
"296","35.5","882.3","-10.7"
"293.1","35.5","882.3","-10.7"
"294.2","35.6","882.1","-10.7"
"295.2","36.1","882","-10.8"
"290.5","35.6","881.9","-10.6"
"299.4","36.2","881.7","-10.7"
"295.4","36.6","881.6","-10.7"
"292.3","37.1","881.5","-10.8"
"290.9","38.6","881.3","-11.2"
"290.6","38.7","881.2","-11.1"
"292.5","38.6","881","-11.1"
"290.7","37.8","880.9","-10.9"
"291.6","37.4","880.7","-10.9"
"287.6","37","880.6","-10.8"
"291.1","37","880.5","-10.8"
"290.9","37.8","880.3","-10.9"
"289.3","37.4","880.1","-10.9"
"289.9","37.9","880","-11"
"292.6","38.1","879.8","-11"
"287.5","37.2","879.8","-10.8"
"289.4","37.1","879.5","-10.8"
"289.9","37.5","879.5","-11"
"295.5","38.4","879.3","-11.1"
"290.9","38.6","879.1","-11.1"
"294.5","37.9","879.4","-10.8"
"294.5","39.2","880.8","-11"
"290","40.5","883.3","-11.2"
"293.6","41.3","887","-11.3"
"292","39.2","891.4","-10.7"
"292.7","39.8","895.6","-10.8"
"288.3","38.5","898.6","-10.5"
"298.4","36.1","904","-9.9"
"298.1","35.5","913.9","-9.7"
"291.7","34.7","941.7","-9.4"
"293.1","33.9","941.5","-9"
"287.1","32.8","940.4","-8.6"
"292.6","32.5","939.7","-8.7"
"282.9","31.6","939.8","-8.3"
"284.6","31.5","938.5","-8.1"
"288.1","31.4","938","-7.8"
"296.1","31.1","938.1","-7.4"
"290","30.3","938.4","-6.7"
"284.3","29.6","938.4","-6.9"
"287.6","28.6","939.1","-6.4"
"292.1","28.3","936.1","-6.2"
"288.4","27.8","936.6","-6.1"
"289.2","26.8","935.9","-5.7"
"289","25.9","935.6","-5.1"
"285.1","26.7","934.6","-5.4"
"282","27.4","936.8","-5.5"
"288.6","27.2","936.8","-5"
"289.9","26.1","935.8","-4.5"
"295.2","25.6","936.3","-4.7"
"295","26","936.5","-4.8"
"296.1","26.2","935.5","-4.3"
"284.2","26.4","936.6","-4.7"
"296.6","26.4","936.4","-4.3"
"296.7","26.7","935.7","-4.1"
"287.9","27.2","937.3","-4.5"
"285.1","27.1","935.6","-4.1"
"292.2","26.3","937.3","-4.3"
"295","26.8","937.1","-4.8"
"294.8","27.1","915.5","-4.9"
"298.7","27.6","896.9","-5.2"
"291.5","28.1","891.7","-5.5"
"299.9","28.7","890.1","-5.9"
"300.3","29.2","889.6","-6"
"297.9","29.5","889.1","-6"
"301","29.2","888.7","-6.1"
"297.7","28.7","888.4","-6.1"
"303.4","28.7","888.1","-6.3"
"303.1","28.4","887.8","-6.3"
"299","29","887.6","-6.7"
"302.1","28.3","887.3","-6.6"
"299.8","28.5","887.1","-6.6"
"299.7","28.6","886.9","-6.7"
"299.9","28.2","886.8","-6.6"
"300.5","28.3","886.5","-6.8"
"299.1","28.5","886.3","-6.9"
"300.2","28.5","886.2","-6.9"
"297","29.1","886","-7.1"
"298.2","30.5","885.7","-7.4"
"298.6","30.5","885.6","-7.2"
"295.5","31.2","885.4","-7.1"
"298","32.4","885.3","-7.2"
"294.2","32.5","885.1","-6.9"
"294.3","33.8","885","-6.8"
"301","32.5","884.9","-6.6"
"296.9","32.8","884.7","-6.7"
"300.8","32.8","884.6","-7"
"301.8","33.8","884.5","-7.3"
"299","33.8","884.3","-7"
"296.9","34.9","884.2","-7.3"
"292.9","34.9","884","-7.1"
"297.4","35.1","883.9","-7"
"294","36.3","883.8","-7.4"
"294.9","35.9","883.7","-7.1"
"294.7","36.2","883.5","-7.1"
"294.8","37.2","883.5","-7.3"
"293.8","37.7","883.2","-7.3"
"298.2","37.5","883.1","-7.4"
"296.1","38.3","882.9","-7.6"
"296.2","38.7","882.8","-7.7"
"296.9","38.8","882.7","-7.8"
"296.5","38","882.5","-7.5"
"298.7","38.1","882.4","-7.6"
"296.7","37.9","882.3","-7.5"
"293.5","38.7","882.1","-7.8"
"293.1","38.2","882","-7.5"
"295.2","38.7","881.9","-7.7"
"289.3","39.5","881.7","-8"
"285.9","40.6","881.6","-8.2"
"292.6","41","881.4","-8.1"
"295.7","40.6","881.3","-8"
"293.4","39.8","881.2","-7.7"
"298.4","40.5","881","-8"
"293.8","41.8","880.9","-8.2"
"288","43.6","880.8","-8.8"
"293.8","42.9","880.6","-8.3"
"287.8","43.2","880.3","-8.4"
"290.7","44.3","880.4","-8.8"
"292.2","43.8","881.3","-8.4"
"293.8","43.4","883.2","-8.3"
"295.6","42","886.2","-8"
"290","43.1","890.3","-8.2"
"290.5","41.2","894.3","-7.3"
"294.4","38.9","897.5","-6.6"
"286.7","36.8","900.9","-6"
"283.4","36.4","905.7","-5.5"
"288.4","33.8","913","-5.2"
"297.5","32.9","936.5","-4.8"
"292.5","32.2","937.9","-4.5"
"293","31.4","936.3","-4.1"
"294","30.6","937","-3.9"
"296.6","27.6","936.4","-3.2"
"286.9","27.2","935.7","-3.1"
"280.1","26.6","933.8","-2.9"
"286.9","26.9","935.3","-2.8"
"277.3","26.3","934.5","-2.7"
"295.3","25.3","934.8","-2.2"
"298.3","25.9","933.4","-2.2"
"281.8","25.4","934.3","-1.4"
"290.1","24.2","932.2","-1.3"
"276.5","24.1","934.1","-1"
"291.9","23.9","932.6","-1.2"
"294.8","23.1","935","-0.8"
"277.3","22.7","929.3","-0.6"
"296.3","22.4","921.7","0.1"
"294.1","22.3","919","-0.1"
"282.5","22.1","919.2","0.4"
"282.5","22.4","918.8","0.4"
"270.3","22.2","918.7","1.1"
"270.1","22.2","918.2","1.1"
"283","22.3","918.7","0.7"
"273.8","22.1","919.7","0.8"
"280.6","22.1","919.4","0.4"
"280.6","22.1","919.7","0.5"
"291.1","22.1","934.4","0.4"
"297.5","22.3","902.2","0.1"
"289.6","23.1","894.3","-0.4"
"285.1","23.5","892.4","-0.6"
"284","24.3","891","-1"
"280.5","24.4","890.5","-0.9"
"281.3","24.5","890.1","-0.8"
"296.4","25","889.7","-1"
"302.1","24.6","889.3","-0.8"
"337.2","21","889","-0.4"
"341.2","17.5","888.8","-0.1"
"345.5","17.2","888.6","-0.1"
"345.8","16.7","888.5","0.2"
"3.3","15.8","888.2","0.3"
"359.9","15.9","888.1","0.1"
"67.9","16.8","887.9","0.1"
"63.9","17.2","887.7","-0.1"
"84.7","18","887.7","-0.3"
"83.9","24.7","887.4","-2.6"
"89.1","24.4","887.3","-2"
"84.7","25.3","887","-2.2"
"81.1","25.3","886.9","-2.3"
"86","25.9","886.7","-2.3"
"76.2","26.7","886.6","-2.6"
"75.8","27","886.3","-2.6"
"77.7","27.2","886.2","-2.6"
"77","27","886","-2.6"
"76.6","27.4","885.9","-2.7"
"73.3","27.5","885.8","-3"
"78.7","29.5","885.6","-2.9"
"70.4","30.1","885.5","-2.9"
"74.8","30.8","885.3","-2.8"
"72.9","29.5","885.2","-3"
"67.2","29.3","885","-3.1"
"70.4","29.5","884.9","-3"
"75.9","29.3","884.8","-3"
"81.9","29.5","884.6","-3.1"
"85.3","30.3","884.5","-3.3"
"93.1","30.7","884.4","-3.5"
"93.7","30.8","884.3","-3.6"
"92.3","31.3","884.1","-3.8"
"96.9","31.4","883.9","-3.8"
"98.2","31.5","883.8","-3.9"
"99.8","31.6","883.6","-4"
"101","33","883.4","-4.6"
"103.2","33.4","883.3","-4.7"
"100.6","32.7","883.2","-4.9"
"99.1","32.5","883","-5"
"104.4","32.5","882.8","-5"
"98.7","32.3","882.7","-5.1"
"100.2","31.6","882.6","-4.9"
"97.5","31.8","882.4","-5"
"89.3","32.8","882.3","-5.3"
"82.9","32.7","882.1","-5.2"
"84.9","33","882","-5.3"
"91.2","33.2","881.8","-5.3"
"99","32.8","881.8","-5.5"
"107.3","33.5","881.6","-5.7"
"113.4","33.4","881.4","-5.6"
"107.6","33.9","881.4","-5.7"
"108.1","33.8","881.6","-5.7"
"103.3","34","882.4","-5.6"
"100.1","33.8","884.1","-5.5"
"98.8","33.3","886.5","-5.2"
"101.1","32.7","889.9","-5"
"100","32.2","893.4","-4.8"
"97.9","31.7","896.6","-4.6"
"99.3","31.4","900.3","-4.3"
"88.3","30.6","903.5","-4.1"
"103.2","30.6","906.6","-3.9"
"96.7","30.4","911.8","-3.1"
"87.3","29.9","916.6","-2.8"
"89.3","32.2","921.4","-2.9"
"99.9","32.6","935.7","-2.3"
"93.3","31.2","921.3","-2"
"91.9","30.1","906","-1.8"
"114.9","30.2","927.7","-1.4"
"113.7","31.1","908","-1.1"
"101.4","31.6","900.6","-1.3"
"111.9","31.5","901.7","-0.9"
"110.7","31.1","898.2","-0.9"
"113.1","31.4","897.4","-0.9"
"108.6","31.3","900.6","-0.4"
"98.5","31.8","903.9","-0.3"
"117.4","32.4","898","-0.4"
"103.9","32.4","898.3","-0.1"
"104.8","32.6","899.5","-0.2"
"115.7","32.5","903.9","-0.1"
"101","33","898.4","0"
"106.9","33.2","919.4","0.2"
"105.3","33.1","916.1","0.3"
"99.8","32.7","910.3","0.2"
"109.6","33.5","901.1","0.1"
"105.9","34.2","892.7","-0.2"
"96.5","35.7","891.3","0"
"100.3","36.9","890.5","-0.2"
"104.5","38","889.9","-0.3"
"104.4","38.5","889.4","-0.4"
"103.6","38.9","888.9","-0.6"
"100.5","39.3","888.7","-0.7"
"100.6","39.4","888.5","-0.9"
"99.3","40.4","888.2","-1"
"96.4","41.4","888","-1.1"
"97.6","42.3","887.8","-1.1"
"80.7","43","887.6","-1.3"
"99.4","43.2","887.4","-1.2"
"100","43.7","887.1","-1.3"
"101.2","43.9","887","-1.2"
"99.5","44","886.7","-1.2"
"94.3","43.8","886.6","-1.2"
"95.8","44.4","886.4","-1.4"
"82.5","44.3","886.2","-1.5"
"80.7","42.8","886","-1.3"
"69.4","42.6","885.8","-1.2"
"73.5","42.2","885.5","-1.1"
"81.9","42.7","885.4","-1.2"
"76","42.7","885.2","-1.2"
"80.9","42.6","884.9","-1.2"
"80.7","42.8","884.8","-1.2"
"88.6","43.1","884.5","-1.2"
"97.2","43.4","884.4","-1.2"
"93.6","43.7","884.1","-1.3"
"83.7","44","883.9","-1.2"
"76.8","44.6","883.7","-1.2"
"70.5","44.7","883.5","-1.1"
"97.1","45.7","883.3","-1"
"91.5","45.4","883.2","-1"
"78","45.4","883","-1.1"
"74.1","45.5","882.9","-1"
"80.8","45.8","882.8","-1"
"83.3","46","882.6","-0.9"
"68.8","46.5","882.5","-1.1"
"68.3","46.8","882.5","-1.1"
"68.4","47.9","882.3","-1.1"
"68.4","48.8","882.2","-1"
"68.5","48.4","882.2","-0.9"
"68.2","49.2","882.2","-1"
"68.2","49.6","882.1","-1.1"
"68.4","49.2","881.9","-0.9"
"72.9","49.2","881.8","-1.2"
"74.5","50.2","881.7","-1.1"
"74.4","51.7","881.7","-2.1"
"74.4","54.9","881.5","-2.9"
"74.4","51.6","881.4","-2"
"73.9","52","881.2","-1.8"
"328.8","50.1","881.2","-1.6"
"327","49.6","881.1","-1.9"
"333","49.4","881.1","-1.7"
"321.8","50.8","881.1","-2.1"
"329.8","52.2","881","-2.6"
"323.2","53.1","881","-2.7"
"315.9","54.4","880.8","-3"
"314.5","53.6","880.8","-2.6"
"304.3","54.5","880.7","-2.8"
"309.2","54.4","880.6","-2.5"
"285","55.8","880.6","-3"
"275.6","55.3","880.6","-3.3"
"261.1","55","881","-3.5"
"279.5","54.9","881.7","-3.7"
"298.8","53.9","883.9","-3.5"
"299.7","49.5","886.4","-2.8"
"297.4","46.7","889.4","-2.5"
"270.5","49.5","892.2","-2.5"
"272.3","48","895.1","-2"
"277.3","45.8","897.5","-1.4"
"281.4","44.4","899.9","-0.9"
"287.9","43.5","902.2","-0.5"
"306.8","42.6","904.3","-0.3"
"312.3","41.4","906.8","0.3"
"298.8","41.2","913.4","0.6"
"309.2","40.8","933.2","0.8"
"306.4","40.4","932.6","1.1"
"292.1","39.5","931.9","1.6"
"283.1","38.1","930.4","2.5"
"292.9","38.1","930.6","2.7"
"295.6","37.9","931","3"
"314.8","37.3","928.1","3.3"
"10.2","37","930.2","3.3"
"303.8","37.2","916.2","3.4"
"45.2","35.6","916.5","4.6"
"296.2","35.8","916.5","4.3"
"133.1","37.3","915.5","4.3"
"118.7","38.3","916.4","3.9"
"119","38.9","917.2","4.1"
"120.2","39.5","917.6","3.8"
"109.8","40","915.6","3.9"
"98.4","40","906.7","4.2"
"116.3","40.4","899.5","4"
"129.3","40.8","897.4","3.9"
"109.4","41","895.8","3.8"
"104.3","42.2","894.2","3.5"
"101.8","42.9","893.1","3.2"
"99.3","43.3","892","3"
"103.1","44.3","891.2","2.7"
"105.1","45","890.5","2.4"
"103.8","45.6","889.8","2.1"
"112.1","46.3","889.6","1.8"
"110.8","46.9","889.3","1.6"
"109.3","47.9","889.1","1.3"
"106","48.4","888.8","0.9"
"101.5","49.4","888.7","0.5"
"97.1","49.8","888.5","0.3"
"96.2","48.3","888.2","0.5"
"95.8","48.8","888.1","0.1"
"92.2","48.6","887.8","0"
"94.2","48.1","887.7","0"
"89.2","48.2","887.4","-0.1"
"92.5","48.6","887.3","-0.2"
"93.5","48.3","887.1","-0.2"
"94.4","48.4","887","-0.4"
"97.4","48.5","886.8","-0.5"
"96.1","48","886.6","-0.5"
"87.4","47.7","886.5","-0.5"
"91.3","47.4","886.3","-0.7"
"98.8","46.3","886.2","-0.7"
"100","46.1","886","-0.7"
"99.2","46","885.9","-0.9"
"94.3","45.7","885.8","-1.1"
"93.2","45.5","885.6","-1.2"
"94","45.7","885.5","-1.5"
"88.3","45.7","885.3","-1.6"
"77.4","45.8","885.1","-1.7"
"81.2","45.5","884.9","-1.7"
"81.1","45.8","884.8","-1.9"
"79.9","45.7","884.6","-2"
"79.6","45.4","884.4","-2"
"90.9","45.6","884.3","-2.1"
"95.6","46.1","884.1","-2.2"
"88","46.7","884","-2.3"
"83.5","47.5","883.8","-2.5"
"76.4","47","883.6","-2.4"
"72.8","47.3","883.4","-2.4"
"75.3","46.9","883.3","-2.4"
"79.1","47.8","883.2","-2.7"
"93.3","48","883","-2.9"
"85.5","48.7","882.7","-3.2"
"95.6","47.8","882.6","-3"
"97.1","47.6","882.4","-3"
"88.6","46.7","882.2","-3"
"87.3","47","882.1","-3.2"
"92.4","47.8","881.9","-3.5"
"92.5","48","881.7","-3.6"
"87.5","48.1","881.6","-3.8"
"83.4","47.9","881.4","-3.6"
"87.3","48","881.2","-3.7"
"88.8","48.6","881.1","-4"
"97.5","49.4","881","-4.2"
"88.9","50","880.8","-4.5"
"84","50.7","880.7","-4.7"
"92.9","51.7","880.6","-4.8"
"96.9","51.3","880.4","-4.7"
"90.2","51.6","880.3","-4.7"
"86.5","51.7","880.4","-4.7"
"85.2","52.8","880.6","-4.9"
"81.9","51.9","881.2","-4.8"
"85.7","51.4","882.2","-4.7"
"83.1","50.8","883.6","-4.6"
"81.5","51.1","885.5","-4.6"
"81.3","50.9","888","-4.2"
"82.5","50.7","891.3","-3.9"
"84.7","50.4","894.7","-3.3"
"82.8","49.3","897.2","-2.6"
"92.6","48.7","899.9","-2.2"
"92.4","49.9","902","-1.9"
"88.9","48.6","904.5","-1.5"
"97.2","49.6","907.5","-1.3"
"90","49.2","915.1","-0.8"
"85","48.9","925.2","-0.5"
"97.2","49.6","935","-0.6"
"97.5","50.2","934.6","-0.5"
"96.4","50.3","934","-0.1"
"93.6","50.5","933.9","-0.1"
"88.7","47.8","933.5","0.1"
"95","47.9","934.2","0.3"
"81.2","46.9","933.1","0.6"
"72.8","46.2","933.7","0.3"
"82.5","44.9","932.8","0.9"
"80.8","44.2","933.4","1"
"81.3","43.2","933.9","1"
"75.4","43.4","900.4","0.9"
"89.6","43.4","897.4","0.9"
"82.6","43.1","895.6","0.8"
"102.4","42.6","895.5","0.8"
"98.1","42.6","893.8","0.8"
"84.5","42.8","892.5","0.6"
"86.2","42.8","891.6","0.5"
"89.2","42.9","891","0.3"
"93.7","42.9","890.4","0.1"
"84.2","43.5","889.8","-0.1"
"91.8","44.7","889.3","-0.4"
"94.5","45.3","889","-0.6"
"97.4","46","888.7","-0.9"
"101.9","46.8","888.5","-1"
"100.8","47.7","888.2","-1.3"
"103.1","46.7","888","-1.5"
"101.4","48","887.7","-1.7"
"93.9","49.6","887.6","-2"
"96.7","51.6","887.3","-2.1"
"93.7","53","887","-2.3"
"101.5","54.2","886.8","-2.4"
"102.5","56","886.6","-2.5"
"103.9","60.4","886.4","-2.7"
"99.2","66.5","886.1","-3.2"
"98.4","69.9","885.9","-3.5"
"105.2","73.8","885.6","-3.9"
"96.2","76.9","885.4","-4.1"
"99.1","79.5","885.1","-4.4"
"90.2","82.3","884.8","-4.6"
"94.4","84","884.5","-4.8"
"98.7","86.3","884.4","-4.9"
"97.1","88.1","884.1","-5.1"
"101.9","90.3","883.9","-5.3"
"100.4","91.9","883.5","-5.5"
"93.2","93.3","883.4","-5.6"
"102.8","95.4","883","-5.9"
"101.1","96.8","882.7","-5.9"
"104.8","98.1","882.4","-6"
"102.7","99.3","882.2","-6.1"
"96.1","99.3","881.9","-6.2"
"98.4","99.3","881.7","-6.3"
"102.8","99.3","881.4","-6.5"
"99.7","99.3","881.2","-6.6"
"94.8","99.3","880.9","-6.6"
"92.5","99.3","880.7","-6.6"
"95.8","99.3","880.5","-6.6"
"93.4","99.3","880.3","-6.5"
"93.9","99.3","880.2","-6.6"
"93.2","99.3","880.1","-6.6"
"100.5","99.3","879.9","-6.6"
"103.4","99.3","879.9","-6.7"
"97.5","99.3","879.8","-6.7"
"99.9","99.3","879.6","-6.7"
"99.1","99.3","879.6","-6.7"
"99.6","99.3","879.5","-6.8"
"97.7","99.3","879.4","-6.8"
"96","99.3","879.4","-6.9"
"92.4","99.3","879.2","-6.9"
"88.5","99.3","879.2","-6.8"
"93","99.3","879.2","-6.9"
"93.1","99.3","879.1","-6.8"
"93.2","99.3","879.1","-6.9"
"94.5","99.3","879.1","-6.9"
"95.3","99.3","879.1","-6.8"
"92.3","99.3","879","-6.9"
"88","99.3","879","-6.9"
"93.6","99.3","878.8","-7"
"88.4","99.3","878.8","-6.9"
"86.6","99.3","878.8","-6.9"
"91.7","99.3","878.6","-6.9"
"96.3","99.3","878.6","-6.9"
"91.5","99.3","878.5","-6.9"
"94.4","99.3","878.6","-6.8"
"93.3","99.3","878.6","-6.9"
"86.9","99.3","878.4","-7"
"94.2","99.3","878.4","-7.1"
"97.4","99.3","878.4","-7.2"
"98.9","99.3","878.5","-7.2"
"105.2","99.3","878.6","-7.3"
"94","99.3","878.5","-7.3"
"100.7","99.3","878.4","-7.2"
"94.3","99.3","878.3","-7.2"
"86.9","99.3","878.2","-7.2"
"84.2","99.3","878.1","-7.1"
"84.5","99.3","878.1","-7.2"
"90.5","99.3","878.1","-7.3"
"80.4","99.3","878","-7.2"
"83.5","99.3","878","-7.4"
"77.3","99.3","877.9","-7.3"
"79.8","99.3","877.9","-7.4"
"82.7","99.3","877.7","-7.3"
"86","99.3","877.6","-7.5"
"84.2","99.3","877.6","-7.4"
"82.4","99.3","877.5","-7.5"
"85.6","99.3","877.5","-7.5"
"89.3","99.3","877.5","-7.5"
"100.5","99.3","877.4","-7.5"
"100.1","99.3","877.3","-7.7"
"99.5","99.3","877.2","-7.7"
"97","99.3","877.1","-7.7"
"96","99.3","877","-7.7"
"87.8","99.3","877","-7.8"
"94.9","99.3","876.9","-7.7"
"100.7","99.3","876.9","-7.7"
"103.1","99.3","876.8","-7.7"
"100.3","99.3","876.7","-7.7"
"96.5","99.3","876.6","-7.6"
"100","99.3","876.6","-7.6"
"105","99.3","876.6","-7.7"
"107.5","99.3","876.5","-7.8"
"107.8","99.3","876.5","-7.8"
"103.1","99.3","876.4","-7.8"
"104.4","99.3","876.4","-7.7"
"106","99.3","876.2","-7.7"
"101.9","99.3","876.2","-7.7"
"95.9","99.3","876.2","-7.6"
"99.4","99.3","876.1","-7.8"
"102","99.3","876","-7.7"
"96.9","99.3","875.9","-7.7"
"96.4","99.3","875.9","-7.8"
"92.3","99.3","875.8","-7.8"
"94.6","99.3","875.8","-7.8"
"103","99.3","875.8","-7.8"
"103.4","99.3","875.7","-7.8"
"107.2","99.3","875.6","-7.8"
"110.2","99.3","875.5","-7.7"
"121.1","99.3","875.5","-7.7"
"118.5","99.3","875.4","-7.7"
"117.2","99.3","875.4","-7.6"
"117.1","99.3","875.3","-7.6"
"116","99.3","875.3","-7.7"
"115.2","99.3","875.3","-7.6"
"114.2","99.3","875.2","-7.6"
"114.2","99.3","875.1","-7.6"
"112.1","99.3","875","-7.5"
"99.5","99.3","875","-7.5"
"101.8","99.3","874.9","-7.5"
"131.9","99.3","874.9","-7.5"
"134.9","99.3","874.9","-7.5"
"135.1","99.3","874.8","-7.4"
"135.2","99.3","874.7","-7.4"
"135.2","99.3","874.7","-7.4"
"135.2","99.3","874.7","-7.4"
"135.2","99.3","874.6","-7.3"
"135.2","99.3","874.6","-7.3"
"135.2","99.3","874.5","-7.2"
"135.3","99.3","874.5","-7.2"
"135.3","99.3","874.4","-7.2"
"135.3","99.3","874.4","-7.3"
"150.9","99.3","874.3","-7.3"
"298.1","99.3","874.3","-7.3"
"302.3","99.3","874.2","-7.2"
"304.1","99.3","874.2","-7.1"
"300.4","99.3","874.2","-7.1"
"301.3","99.3","874.1","-7"
"298.9","99.3","874","-7"
"303","99.3","874","-6.9"
"296.7","99.3","874","-6.8"
"299.9","99.3","874","-6.6"
"297.6","99.3","873.9","-6.4"
"298.2","99.3","873.9","-6.5"
"299.2","99.3","873.9","-6.6"
"302.2","99.3","873.9","-6.5"
"301","99.3","873.8","-6.5"
"303","99.3","873.7","-6.3"
"300.9","99.3","873.7","-6.2"
"294.6","99.3","873.8","-6"
"292.2","99.3","873.9","-5.9"
"294.1","99.3","874","-5.8"
"291.7","99.3","874.2","-5.7"
"288.5","99.3","874.2","-5.7"
"296.7","99.3","874.3","-5.7"
"298.5","99.3","874.6","-5.9"
"298.1","99.3","875.7","-5.8"
"293.8","99.3","875.1","-5.9"
"286.3","99.3","876.1","-5.9"
"293.9","99.4","878","-5.7"
"287.6","96.7","877.1","-5.6"
"287.1","92.4","878.7","-5.2"
"291","81.1","878.2","-4.9"
"288","78.9","876.2","-5.1"
"291.8","78.5","877.1","-5.1"
"281.6","84.4","879","-5"
"284.3","91.3","883.8","-5.2"
"285.3","92","882.6","-5.4"
"283.4","89.8","885.7","-5"
"283.1","84.5","883.6","-4.7"
"292.7","74.7","884.7","-4.3"
"292.9","62.7","885.6","-4.3"
"289.8","51.2","886","-4"
"296.7","45.8","888.1","-3.9"
"289.5","46.3","887.8","-3.7"
"297","40.1","889.7","-3.7"
"300.5","35.2","894.8","-3.3"
"301.9","33.9","897.2","-3.1"
"292.7","37.8","891.6","-3.2"
"292.9","47.2","890.9","-3.3"
"296","47.8","888","-3.3"
"291.7","45.5","889.3","-3.3"
"295.9","47.1","888.1","-3.3"
"302.7","54.9","885.6","-3.5"
"287.8","55.2","888.6","-3.4"
"302.8","56.3","887","-3.6"
"295.1","58.8","885.1","-3.8"
"299.9","59.8","882.9","-4.1"
"288.8","61.1","881.8","-4.2"
"288","65.7","881.1","-4.6"
"294.3","69.6","880.3","-4.7"
"296.8","74","879.7","-5"
"296.1","74.6","879","-5.2"
"294.5","72.9","878.3","-5.2"
"292.6","71.2","877.7","-5.3"
"297.2","68.4","877.1","-5.2"
"295.2","64.9","876.6","-5.1"
"289.4","62.5","876.1","-5.1"
"288.9","67.7","875.7","-5.5"
"289","67.5","875.3","-5.6"
"289.8","66.3","875","-5.6"
"295.6","66.2","874.8","-5.6"
"295.5","65.6","874.5","-5.9"
"303.8","63.4","874.3","-6"
"296.2","59.9","874.1","-5.9"
"293.5","58.3","874","-5.8"
"297.3","57.6","873.8","-5.8"
"297","57.6","873.7","-5.8"
"297.9","55.1","873.7","-5.8"
"298.5","54.8","873.6","-5.8"
"296.1","58.1","873.5","-6.4"
"292.4","67.2","873.5","-6.1"
"294.6","67.8","873.3","-6.3"
"291.1","69.6","873.3","-6.3"
"293.7","72.3","873.2","-6.2"
"292.3","72","873.1","-6.4"
"296.8","62.4","873.1","-6.3"
"300.1","54.5","873.1","-6.4"
"296.3","50.9","873","-6.3"
"299.4","51.2","872.9","-6.4"
"298.2","53.3","872.8","-6.5"
"293.9","53.8","872.7","-6.6"
"297.7","55.7","872.7","-7.1"
"298.7","54.5","872.5","-6.9"
"299.8","50.9","872.5","-7"
"301.1","49.6","872.4","-6.9"
"301.7","56.9","872.4","-7"
"297.8","57.5","872.2","-7.1"
"293.4","57.5","872.2","-7.5"
"296.6","58","872.1","-7.7"
"301.4","55.2","872","-7.5"
"299.9","59","871.9","-7.7"
"297.4","60.2","871.8","-7.9"
"299.3","61.8","871.7","-8.1"
"296.8","65.8","871.6","-8"
"294.2","60.2","871.6","-7.9"
"294.3","60.4","871.4","-8.1"
"298.3","59.2","871.4","-8.4"
"296.8","51.9","871.3","-8.1"
"294.1","57.4","871.3","-7.8"
"299.1","56.9","871.2","-8"
"305.6","63.4","871.1","-8.5"
"302.3","62.7","870.9","-8.7"
"298.6","58.5","871.2","-8"
"286.2","57","872.3","-8"
"288.8","64.4","874.4","-7.9"
"282.4","68.2","877.7","-7.9"
"287.5","61.2","882.7","-7.3"
"290.9","55.2","887.2","-7"
"292.5","54.4","890.9","-6.4"
"298.4","56","893.2","-6.2"
"293.2","51.7","895.2","-6.1"
"294.3","51.7","895.9","-5.6"
"295.4","50.6","897.7","-5.5"
"287.5","44.6","898.4","-5.5"
"298.5","44.1","899","-5.2"
"299.9","44.8","899.5","-4.8"
"294.8","40.9","901","-4.2"
"289.1","38.2","902.8","-4.1"
"297.4","37.9","904.2","-3.4"
"294.5","37.2","902.1","-3.1"
"284.8","35","901.6","-3.5"
"286.3","34.1","907.8","-3"
"297.1","32.8","909.1","-2.6"
"294","32.6","911","-2.2"
"297","32","912.5","-2"
"284.4","33.1","904.6","-2.3"
"283.5","31.8","902.6","-2.4"
"296.2","28.5","911","-1.4"
"289","27.1","936.5","-1.4"
"291.4","27.5","928.6","-1.2"
"295","27","921.9","-1.4"
"296","27.8","933.4","-1.6"
"290.7","28.6","924.9","-1.1"
"289.6","30.6","929.5","-1"
"295.4","28.8","921.1","-1"
"300.5","28.6","928","-0.9"
"295.9","28.2","904.3","-1.2"
"296.2","28.3","905","-1.2"
"300.1","29.1","901.7","-1.2"
"297.1","29.6","895.4","-1.5"
"296.8","29.9","892.4","-1.8"
"302.2","30.9","890.9","-2.2"
"297","30.9","890","-2.2"
"294.3","31.9","889.3","-2.6"
"283","32.4","889","-2.8"
"287.5","30","888.7","-3"
"289","27.7","888.3","-3.2"
"282.6","26.5","888","-3.3"
"286.8","26.4","887.8","-3.5"
"290","26.6","887.5","-3.7"
"293.2","28","887.3","-4"
"297.2","29.1","887","-4"
"297","30.5","886.8","-4.2"
"294.4","30.9","886.6","-4.2"
"298.2","32.1","886.5","-4.3"
"297.1","33.6","886.3","-4.5"
"297.3","34.3","886.1","-4.4"
"292","36.1","885.9","-4.5"
"297.6","38","885.8","-4.6"
"297.5","38.1","885.6","-4.5"
"295.8","37.5","885.5","-4.1"
"299.9","38.1","885.4","-4.3"
"295.8","38.8","885.3","-4.5"
"294.1","38.9","885","-4.5"
"295.9","38.9","885","-4.4"
"295.2","40.1","884.9","-4.8"
"298.1","41.4","884.7","-5.1"
"295.6","41.3","884.5","-4.8"
"297.4","41.5","884.5","-4.7"
"297.6","42","884.3","-4.8"
"296.7","42.5","884.2","-5.1"
"299.9","43","884","-5.3"
"302.6","43","883.9","-5.4"
"301.2","43.2","883.8","-5.4"
"296.3","43.2","883.6","-5.5"
"291.1","43.3","883.5","-5.6"
"296.2","43.1","883.4","-5.6"
"295.5","42.3","883.3","-5.4"
"297.9","41.6","883.1","-5.3"
"294.8","41.4","883","-5.4"
"294.1","42.1","882.9","-5.6"
"292.2","41.5","882.7","-5.4"
"297.2","42.9","882.7","-5.9"
"290.2","42.5","882.5","-5.7"
"297.7","43.8","882.4","-6"
"299.4","42.8","882.3","-5.8"
"297.9","41.5","882.2","-5.3"
"298.8","42.3","882.1","-5.6"
"299.2","42.7","882","-5.8"
"298.3","43.3","881.9","-5.8"
"297.3","44.2","881.8","-6.1"
"300.4","44.3","881.7","-6.2"
"299.8","45.1","881.5","-6.3"
"298.9","46.6","881.4","-6.6"
"299.1","46.4","881.3","-6.4"
"298.5","46.6","881.3","-6.5"
"295.3","47.6","881.2","-6.6"
"296.6","48.7","880.9","-7.1"
"293.4","49.9","881.3","-7.4"
"292.8","47.9","882.2","-6.9"
"291.4","46","884","-6.1"
"295.6","44.9","886.2","-5.8"
"296","44.7","888.8","-5.7"
"286.2","43","891.5","-5.1"
"291.4","43.4","894.4","-5"
"277.1","43.3","896.9","-4.8"
"291.6","42.8","899.7","-4.5"
"269.1","41.9","903.2","-4"
"279.7","38.3","910.9","-3.4"
"279.5","35.8","935.7","-2.7"
"281.7","34.8","935.8","-2.2"
"272.9","34.6","920.7","-1.6"
"285.2","34.9","921.5","-1.5"
"286.2","31.2","920.6","-0.7"
"290.6","29.4","923.3","-0.7"
"295.8","28.9","920.7","-0.5"
"292.2","28.3","920.6","0.3"
"274.6","28.2","933.3","0.2"
"279.5","26.6","929","0.5"
"273.4","26","930.2","1.3"
"301.2","25.1","933.1","1.1"
"300.9","23.7","932","1.5"
"268.7","22.9","931.8","2.4"
"286.4","22.1","931.4","1.9"
"283.3","21.3","931.2","2.5"
"290.2","20.6","930.8","2.9"
"268.2","21.1","931","3.4"
"291.1","20.2","931.7","3.7"
"298","19.6","930.3","3.1"
"293","21.1","931.7","3.5"
"300.1","20.7","931.3","3.7"
"295.2","19.9","930.2","3.7"
"284.3","21.1","930.2","3.4"
"313.7","20.9","931.1","3.6"
"290.9","20.1","931.1","3.5"
"299.6","19.3","931.3","3.2"
"303.3","20.4","902.3","3.1"
"305.6","20.3","896.9","2.7"
"303.4","20.8","893.1","2.4"
"305.2","22.1","891.3","1.7"
"308.4","22.1","890.7","1.6"
"312.1","22.2","890.2","1.5"
"302.3","22.4","889.8","1.6"
"300.6","22.2","889.6","1.4"
"305","22.5","889.2","1.2"
"312.5","22.9","889","1.2"
"317.5","22.6","888.8","1.4"
"317.5","22.3","888.6","1.5"
"311.5","22.2","888.4","1.3"
"309.7","21.5","888.2","1.4"
"304.6","21.7","888","1.3"
"324.1","22.9","887.8","0.3"
"250.5","23.9","887.7","0.1"
"178.9","23.4","887.4","0.3"
"184.9","25.7","887.2","-0.7"
"98.1","28.1","887","-0.3"
"85.5","32.9","886.7","0.4"
"84.6","30.8","886.6","0.4"
"84.4","30.1","886.5","-0.2"
"75.4","32.8","886.3","0.3"
"75.2","31.8","886.2","0.2"
"69.1","32.4","886","0"
"69.1","32.8","885.9","0.1"
"50.2","33.8","885.8","0.1"
"79.1","33.6","885.6","0.1"
"46.4","34.7","885.5","-0.1"
"22","28.9","885.5","0.4"
"21.8","28.8","885.4","0.5"
"7.5","32.4","885.2","0"
"69.9","34.1","885.1","-0.4"
"95.5","32.7","884.9","-0.2"
"94.9","33.4","884.8","-0.4"
"94.9","33.9","884.7","-0.7"
"23.5","33.2","884.6","-0.8"
"345.5","29.5","884.4","-0.6"
"349.9","28.6","884.4","-0.4"
"336.6","30.5","884.3","-1.4"
"325.2","31.2","884.1","-1.8"
"325.1","30.7","884","-1.8"
"325.1","29.6","883.9","-1.5"
"308.3","31.5","883.7","-2.2"
"313.1","32.1","883.6","-2.5"
"316.9","31.5","883.5","-2.3"
"321.8","32","883.4","-2.4"
"323","32.5","883.3","-2.6"
"312.4","33.2","883.3","-2.9"
"293.9","34.8","883.2","-3.2"
"267","38.9","883","-3.7"
"298.7","39.7","882.9","-3.3"
"309.9","39.1","882.8","-3.2"
"330.7","41.1","882.6","-2.6"
"329.4","42.5","882.6","-2.7"
"326.9","44.3","882.5","-2.9"
"331.1","47.6","882.3","-3.3"
"320.7","48.2","882.6","-3.5"
"316.5","47.8","883","-3.4"
"316.4","47.4","884.2","-3"
"320.5","48.4","886.1","-3.2"
"313.9","50.6","888.6","-3.7"
"312.9","50.2","891.6","-3.4"
"302.9","48.2","894.5","-2.9"
"295.3","46.7","896.6","-2.2"
"300.6","46.2","897.8","-1.8"
"293.9","45.2","899.8","-1.4"
"302.1","45.5","900.2","-1.4"
"293.7","44.6","903.7","-1"
"300.7","43.6","910.3","-0.7"
"297.1","41.8","918.3","-0.4"
"284.8","40.1","924.3","-0.1"
"298.3","38.7","920.3","0.1"
"302.8","38.2","932.6","0.6"
"308.2","37.8","932.3","0.7"
"314.7","36.4","933.4","1.1"
"305.3","37.2","932.3","1.1"
"304.8","36.7","932.9","1.5"
"293","35.9","932.3","1.8"
"301.5","34.9","933","2.4"
"290.1","34.5","900.8","2.5"
"272.4","34.7","901.3","2.8"
"267.5","33.4","932.1","3.8"
"268.1","32.3","930.5","4.1"
"277.1","31.5","931.3","4.2"
"268.7","30.1","930.5","4.2"
"302.1","30.8","905","3.9"
"267.3","30.4","931.6","4.4"
"289.2","29.4","929.8","4.7"
"282.4","29.2","899.4","4.8"
"312.9","31.1","893.8","4.3"
"332.3","32.3","892.8","3.6"
"320.1","31.3","892.7","4"
"330.3","33.2","892.9","2.9"
"325.5","33.6","895","2.5"
"313.7","33.5","894.7","2.8"
"306.7","33.7","891.3","2.6"
"305.4","33.8","890","2.4"
"306.1","33.6","889.4","2.3"
"312.5","33.6","889.1","2.3"
"310.6","34.2","888.8","1.9"
"311.5","34.3","888.6","1.8"
"312.1","34.4","888.3","1.8"
"306.5","34.7","888.1","1.7"
"306.3","34.9","887.9","1.6"
"295.5","35.4","887.7","1.4"
"274","37.5","887.5","0.9"
"277.3","38.8","887.4","0.8"
"287.3","39","887.1","0.9"
"282.5","40.4","887","0.5"
"276","40.5","886.7","-0.1"
"278.5","40","886.6","-0.2"
"276","35.8","886.4","0"
"264.7","37.5","886.2","-0.4"
"281.5","39.2","886","-0.6"
"277.3","40.3","885.8","-0.7"
"283","40.8","885.6","-0.7"
"282.8","41.7","885.5","-0.8"
"291.1","41.3","885.3","-0.7"
"288.8","41.4","885.1","-0.8"
"291.7","41.9","884.9","-1"
"290.9","43.1","884.8","-1.3"
"292.4","42.6","884.6","-1"
"291.1","41.9","884.4","-1"
"291.9","42","884.3","-1.1"
"297.7","41.3","884.1","-1"
"299","41.8","884","-1.3"
"299.6","41.6","883.9","-1.3"
"289.3","41.4","883.7","-1.2"
"284.8","41.2","883.6","-0.8"
"293","41.6","883.4","-1"
"292.3","43.5","883.3","-1.2"
"292.8","44.8","883.3","-1.4"
"291.9","44.3","883.2","-1.2"
"294.8","46.4","883","-1.5"
"294.2","47.9","883","-1.8"
"299.4","49.2","882.9","-1.9"
"294.6","48.2","882.8","-1.8"
"297.3","45.9","882.7","-1.5"
"297.3","47.9","882.6","-1.8"
"299.6","47.9","882.5","-1.6"
"297.6","49.1","882.5","-1.7"
"296.2","51.1","882.4","-2"
"298.5","52.6","882.3","-2"
"296.9","54.8","882.2","-2.5"
"296","55.3","882.2","-2.5"
"298.8","54.2","882.1","-2.4"
"300.1","54.3","882.1","-2.2"
"296.3","53.9","881.9","-2.1"
"302.3","53.5","881.9","-2.1"
"298.5","54","881.8","-2.3"
"294.7","51.7","881.8","-1.7"
"301.9","54","881.7","-2.3"
"302.4","55.6","881.8","-2.5"
"304.5","54.2","882.1","-2.3"
"305.4","54.2","882.9","-2.1"
"308","53.5","884","-1.9"
"302.4","53.3","886.2","-1.8"
"300","52.4","888.5","-1.5"
"292","51.3","891.4","-1.1"
"288.7","50.5","894.1","-0.5"
"299.7","48.8","897","-0.1"
"302","47.3","899.3","0.2"
"288.6","44.4","901.4","0.9"
"291.5","40.9","904.1","1.7"
"287","36.5","909.7","2.1"
"292.8","34.5","932.3","2.5"
"297.7","33.9","919.1","2.8"
"288.3","33.8","918.6","2.8"
"296.3","30.6","918.3","3"
"294.7","31.3","919.4","3.1"
"287.1","30.5","917.8","3.6"
"279.3","31.8","918.4","3.8"
"281.1","32.3","918","3.7"
"297","30.6","916.2","4.3"
"292.8","30","918.1","4.9"
"303.7","27.9","916.2","4.7"
"303.7","28.1","917.1","5.3"
"277.9","28.3","917.4","5.4"
"294.9","27.5","917.2","5.5"
"299.9","26.9","917.4","5.4"
"288.9","27.2","917","5.4"
"290.4","26.5","915.8","5.6"
"282.6","26.2","916.8","5.6"
"276.9","26.3","918.4","5.5"
"280.8","25.4","917.4","5.8"
"286.1","25.4","917.9","5.7"
"282.1","25.2","916.1","5.8"
"285.1","26","916.5","5.4"
"297.1","25.6","917.2","5.5"
"283","25.8","901.1","5.2"
"294","26.3","896.7","5"
"283.5","26.6","893.6","4.7"
"294","27.3","891.7","4.3"
"301.5","28.2","890.7","4.1"
"305.6","29.2","890.2","3.7"
"306.6","30.2","889.8","3.7"
"303.4","31","889.5","3.5"
"313.2","30.1","889.3","3.3"
"305.4","30.6","889","3.1"
"295.7","31.6","888.7","3.5"
"290","32","888.6","3.3"
"295.2","32.9","888.3","2.9"
"282.2","33","888.2","3.1"
"295.4","33.4","888","2.8"
"285.3","34.3","887.8","3"
"289.7","35.2","887.6","2.7"
"279.2","34.2","887.5","3"
"265.8","34.8","887.4","2.8"
"278.3","36.1","887.2","2.3"
"295.2","35.7","887","2.1"
"299.4","33.7","886.9","2.4"
"304.5","32.7","886.7","2.3"
"295.4","33.8","886.6","1.9"
"277.5","34.9","886.5","1.6"
"279.2","37.2","886.4","1.1"
"285.6","39.3","886.3","0.8"
"294.6","39.3","886","0.7"
"283","38.2","886","0.9"
"276.6","39.9","885.8","0.7"
"290.7","40.9","885.6","0.1"
"291.3","39.7","885.5","0.1"
"287.2","40.1","885.3","0"
"282.5","42.8","885.2","0.1"
"298","44.8","885","-0.6"
"281.3","43.8","884.8","-0.4"
"308.2","40.2","884.7","-0.1"
"317.6","39.8","884.6","-0.2"
"307.9","38.9","884.4","-0.2"
"292.1","40.1","884.2","-0.6"
"250.7","42.8","884.1","-1"
"262.7","42.6","883.8","-1.2"
"260.2","43.2","883.7","-1.4"
"260.5","43.8","883.5","-1.5"
"280.1","44.5","883.3","-1.8"
"251.5","44.8","883.2","-2.2"
"284.8","40.5","883","-1.3"
"296","40.5","882.9","-1.6"
"293.2","40.4","882.7","-1.6"
"279.9","39","882.6","-1.2"
"307.3","40.9","882.5","-1.8"
"303.8","40.4","882.4","-1.6"
"309.4","40.8","882.3","-1.8"
"308.4","40.6","882.2","-1.8"
"303.9","41","882.2","-2"
"305.5","42","882.1","-2.3"
"297.6","42.4","881.9","-2.2"
"292.2","41.9","881.9","-2"
"285.5","42.5","881.6","-2"
"281.5","43.5","881.8","-2.2"
"286","44.8","882.1","-2.6"
"291.3","46.2","882.8","-2.9"
"293.1","46.8","884","-2.9"
"295","46.7","885.9","-2.8"
"303.5","44.7","888.5","-2.7"
"300","41.6","892.2","-2.6"
"300.3","39.8","895.5","-2.7"
"301.7","38.2","899.1","-2.5"
"298.7","37","902.6","-2.5"
"302.3","35.1","906.6","-2.3"
"299.1","33.1","914.9","-2.2"
"292","31.8","935.9","-2.4"
"284.3","30.9","934.7","-2.2"
"286.4","31","934.5","-2.3"
"293.7","31.6","936","-2.2"
"289.7","31.2","934.7","-1.5"
"289.7","30.9","935.3","-2"
"295.2","28.9","932.6","-1.8"
"292.5","27.4","934","-1.9"
"299.7","26.8","932.9","-1.5"
"299.5","25.6","933.3","-1.1"
"298.9","24.9","931","-0.6"
"306.1","24.7","935.4","-1"
"300.1","24","923","-0.8"
"303.3","26.6","932.7","-0.6"
"305.4","26","932.5","-0.4"
"300.8","26.5","921.5","-0.8"
"298.7","24.6","920.1","-0.3"
"299.5","24.9","921.2","-0.2"
"290.3","24.7","921","-0.3"
"299.5","25","920.4","-0.4"
"299.7","23.4","921.2","-0.2"
"294.7","23.4","920.1","-0.2"
"298.6","22.7","921.1","-0.3"
"300.8","22.5","919.9","-0.7"
"303.9","22.5","919","-0.3"
"297.4","22.4","921.9","-0.5"
"307.5","22.2","921.1","-0.6"
"307.4","22.1","900.9","-0.8"
"302.9","21.9","893.7","-1.1"
"302.3","22.1","890.8","-1.3"
"309.5","22","890","-1.4"
"302.9","22.2","889.6","-1.6"
"306.9","22.1","889.2","-1.9"
"312.8","22.2","888.8","-2.1"
"311.8","22.3","888.5","-2.2"
"313.5","22.5","888.2","-2.4"
"311.9","22.9","888","-2.6"
"298","23.2","887.7","-2.7"
"304.6","23.4","887.5","-2.5"
"298.9","23.6","887.3","-2.3"
"305.9","24.2","887.1","-2.6"
"302.9","23.4","887","-1.8"
"304.8","23.1","886.8","-1.6"
"299.3","23.3","886.7","-1.9"
"297.3","23.6","886.6","-2"
"301.5","23.5","886.6","-2"
"298.4","23.8","886.3","-2.1"
"296.7","24.1","886.2","-2.2"
"297.1","24.7","886","-2.4"
"301.3","24.5","885.9","-2.3"
"303.6","24.9","885.8","-2.5"
"302.9","25.3","885.6","-2.6"
"299.4","26","885.5","-2.9"
"306.5","26.1","885.3","-2.8"
"300.4","26.6","885.1","-3"
"300.8","27.1","884.9","-3"
"297.9","27.5","884.7","-3.1"
"296.2","28","884.5","-3.1"
"296","28.2","884.4","-3.1"
"298.2","28","884.2","-3"
"302.2","28.3","884","-3.1"
"300.4","28.7","883.8","-3.3"
"300.8","29.3","883.6","-3.5"
"306.2","29.8","883.3","-3.6"
"305.5","30.3","883.2","-3.8"
"302.7","30.6","883","-3.9"
"306.3","30.5","882.7","-3.9"
"306.4","31.1","882.5","-4.1"
"302.9","31.1","882.3","-4.2"
"299.8","31.9","882.1","-4.6"
"299","32.9","882","-5"
"295","32.5","881.7","-4.8"
"285.5","32.4","881.6","-4.6"
"283.1","34.2","881.5","-5.2"
"286.1","34.8","881.3","-5.1"
"290.7","35.4","881.2","-5.4"
"293.3","35.2","881.1","-5.2"
"292.5","35.5","881.1","-5.3"
"291.7","36.7","880.9","-5.5"
"295.7","37.5","880.8","-5.8"
"299.5","37.2","880.7","-5.6"
"300.5","37","880.6","-5.4"
"298.6","38.3","880.5","-5.7"
"298.2","37.4","880.4","-5.4"
"298.8","36","881","-4.8"
"286.2","38","882.1","-5.4"
"290.5","37.7","884.1","-5.2"
"291.9","38.1","886.8","-5.2"
"296","37.9","890.7","-5"
"300.6","37.3","895","-4.8"
"298.8","36.5","899.1","-4.5"
"296.3","36","901.5","-4.3"
"297.4","35.7","906.1","-4.1"
"302.9","34.6","911.7","-3.7"
"304.7","34.4","933.9","-3.5"
"296.2","33.8","937.1","-3.1"
"298.4","32.8","929.7","-2.5"
"298","32.1","921.6","-2.1"
"299.5","31.1","921.4","-2"
"295.5","31.2","922","-2.1"
"293.6","29.7","920.3","-1.7"
"289.9","28.6","924.4","-1.6"
"291.6","28.2","919.7","-1.3"
"298.4","27.7","935","-1"
"295.7","27.4","931.2","-1"
"301.2","26.8","932.5","-0.5"
"303.3","25","933","-0.1"
"288.6","24.2","919.3","0.2"
"291.5","23.5","918.6","0.2"
"292.7","23.2","922.2","0.3"
"288","22.6","934.4","0.5"
"302.9","22.7","926.6","0.5"
"299.3","22.5","933.1","0.7"
"300.5","22.3","933.6","1.1"
"296.2","21.9","919","0.9"
"302.6","21.6","920.1","1.3"
"300.2","21.5","920.4","1.6"
"297","20","917.4","1.7"
"288.3","19.1","919.9","1.9"
"293.5","19.1","918.4","1.7"
"301","19.3","919.3","1.5"
"291.5","19","919","1.3"
"303.4","19.3","918.3","1.4"
"295.8","19.5","916.2","1.3"
"304.2","19","896.2","1"
"305.2","19.9","892","0.5"
"300.6","21.2","890.9","0.1"
"300","22.1","890.4","-0.2"
"307.9","22.2","890","-0.2"
"304.8","22.8","889.7","-0.4"
"308.3","23.2","889.3","-0.5"
"308.3","23.5","889.1","-0.4"
"311.3","23.4","888.8","-0.3"
"304.9","23.9","888.6","-0.6"
"293.1","23.7","888.4","-0.4"
"258.9","24.1","888.2","-0.7"
"270.6","24","888","-0.5"
"284.6","24.3","887.8","-0.6"
"274.2","24.3","887.7","-0.7"
"277.9","24","887.5","-0.5"
"293.4","24.4","887.3","-0.4"
"304.4","26","887.1","-0.3"
"305.5","26.6","887.1","-0.2"
"310.1","27.8","887","-0.1"
"308","28.1","886.9","-0.1"
"302.3","28","886.7","-0.3"
"299.3","28.7","886.6","-0.8"
"289.1","28.3","886.5","-1.1"
"285.3","28.4","886.3","-1.3"
"291.2","28.6","886.1","-1.1"
"277.8","28.4","886","-1"
"276.5","28.6","885.8","-1"
"274.5","28.7","885.6","-0.7"
"277.6","28.7","885.5","-0.7"
"279.4","29.2","885.3","-0.8"
"277.4","29.7","885.2","-0.8"
"284.8","30.3","885.1","-0.9"
"302.7","29.5","884.9","-0.4"
"298.8","28.4","884.8","-0.1"
"272","31.5","884.6","-1.4"
"288.1","31.8","884.4","-1.3"
"293.1","30.9","884.3","-0.8"
"264.3","31.3","884","-0.9"
"258.8","32","883.9","-1.1"
"265.9","31.9","883.7","-0.9"
"270.1","32.3","883.4","-1.1"
"278.7","31.9","883.3","-0.9"
"277","32.5","883.1","-1"
"277.7","32.6","882.9","-0.9"
"285.3","32.7","882.8","-1"
"276","32.3","882.6","-0.7"
"292.9","31.4","882.5","-0.2"
"297","31.6","882.5","-0.1"
"294.7","32.1","882.3","-0.2"
"293","31.9","882.3","0"
"292.9","32.6","882.2","-0.3"
"293.4","32.4","882.2","-0.2"
"290.5","32.1","882.2","-0.3"
"293.7","33.2","882.1","-0.8"
"298","32.6","881.9","-0.7"
"297.5","32.6","882.2","-0.9"
"295.5","33.1","883","-1.1"
"291.6","32.4","884.4","-0.9"
"295.3","31.6","887.6","-0.2"
"292.9","33.2","890.2","0"
"292.5","34.4","893.5","0.2"
"290.9","35.7","896.6","0.5"
"287.6","36.6","898.8","0.7"
"286.8","37.1","902.1","0.7"
"285.6","37.2","905","0.9"
"293.1","36.9","909.2","1.4"
"292.6","36.2","926.9","1.8"
"299.6","34.2","932.9","2.4"
"296.4","33.9","933.5","2.8"
"297.5","34.1","931.8","2.8"
"302.8","34.2","930.3","2.9"
"294.7","35.6","931.2","2.8"
"302.3","36","930","3"
"301.5","35.3","930.9","3.3"
"298.9","34.5","930.9","3.5"
"296.6","34.6","932.5","3.7"
"296.8","34.5","930.2","3.6"
"299.2","34","917.2","3.9"
"302.9","33.5","917.7","4.2"
"302.2","33.4","915.9","4.4"
"299.5","33.5","917","4.6"
"304.7","33.8","917.2","4.6"
"307.2","33.4","916.9","4.9"
"298.9","33.5","915.2","5"
"309.3","33.1","918.2","5.3"
"303.5","32.8","916.9","5.5"
"294.9","32.3","917.6","5.7"
"295.7","32.1","916.9","5.8"
"291.9","32.1","917.9","5.8"
"298.1","32","918.1","5.8"
"297.2","31.9","916.9","5.9"
"297.2","31.6","916.7","6.1"
"299.1","31.8","917","5.9"
"300.9","32","905.3","5.7"
"298.1","32.4","897.3","5.5"
"303.9","33.2","893.4","5.1"
"301","33.8","891.6","4.7"
"300.9","33.6","891","4.6"
"297","32","890.7","5.1"
"304.2","32.9","890.3","4.8"
"303.2","32.8","890.1","4.8"
"304.4","33.3","889.8","4.6"
"302.1","32.9","889.6","4.5"
"297.7","32.1","889.4","4.9"
"305","32.8","889.2","4.6"
"299.1","32.6","889","4.6"
"294.4","32","888.8","4.8"
"299","32","888.8","4.7"
"302.9","32.2","888.6","4.6"
"300.1","32.9","888.5","4.2"
"300.3","33.3","888.3","4"
"300.1","33.1","888.1","4.1"
"293.6","33.4","888","3.9"
"293.5","33.7","887.9","3.8"
"296.4","34","887.7","3.7"
"292.3","33.2","887.5","4.2"
"279.9","33.9","887.5","3.8"
"287.9","34.8","887.2","3.5"
"290.3","34.3","887.1","3.7"
"297.8","33.6","886.9","4.2"
"307.2","32.1","886.9","5.1"
"309.6","32.5","886.8","4.8"
"304.2","32.5","886.7","4.7"
"301.3","32","886.5","4.9"
"302.8","31.3","886.4","4.9"
"300.1","30.3","886.4","5.3"
"302.3","30.4","886.3","5.3"
"309.2","31.1","886.1","4.9"
"299.3","31.3","886","4.8"
"299.9","31.7","885.8","4.5"
"296.6","32","885.6","4.4"
"287.9","32.4","885.4","4.1"
"284.4","34","885.3","3.4"
"284.4","34.2","885.1","3.4"
"281.8","34.3","884.9","3.3"
"280.9","34.2","884.7","3.4"
"280.2","35.1","884.5","3"
"288.8","35.4","884.3","2.9"
"300.9","33.5","884.2","4.1"
"300.6","33.6","883.9","4.1"
"294.3","34","883.9","3.7"
"291.7","32.7","883.7","4"
"299.3","34.4","883.7","3.1"
"292","35.7","883.5","2.6"
"294.9","34.5","883.3","3.2"
"298","35.7","883.2","2.8"
"297.1","35.5","883.1","3"
"289.4","34.4","883","3.5"
"300.6","34.2","883","3.7"
"301.1","35.1","882.9","3.2"
"302.9","34.3","882.7","3.6"
"298.2","33","883.1","4.2"
"298.4","31.9","883.9","4.8"
"299.7","32.8","885.4","4.3"
"296.4","33.1","887.4","4.2"
"297.5","33.5","889.9","4.2"
"303.6","34.7","893","3.7"
"292.4","33.3","895.7","4.6"
"293.6","34.7","897.4","4.4"
"295.9","33.6","899.8","5.1"
"302.6","33.8","902.7","5.3"
"300.2","32.1","905.6","6"
"306.3","31.5","914","6.4"
"298.9","30.4","929.6","7.1"
"296.2","28.8","928.9","7.8"
"287.2","25.5","928.2","9.2"
"299.8","23.2","928.1","10.2"
"301.5","22","926.1","10.4"
"290.2","20.6","925.6","11.1"
"298.1","21.3","926.6","11"
"304","22.1","925.4","10.8"
"306.7","20.2","925.6","10.4"
"304.2","20.2","925.8","10.5"
"294.9","19.4","913.8","11.4"
"301.7","19.8","913","11.1"
"294.8","19.3","912.6","12.2"
"297.9","18.6","912.4","12.1"
"297.1","17.8","912","12.2"
"300.3","17","913.1","12.8"
"275","16.5","911.7","12.5"
"288","16.5","912.7","12.4"
"280.8","16.5","912.2","12.8"
"286.2","15.9","912.7","13"
"286.7","15.7","912.1","13.2"
"302.5","15.5","911.2","13.5"
"288.6","15.5","911.5","13.8"
"288.4","15.5","911.1","14"
"291.3","15","911.4","13.4"
"287.1","15","911.4","13.2"
"293.4","15.3","911.6","13.1"
"301.4","15.4","905.2","12.8"
"304.4","15.8","896.3","12.3"
"303.4","16.3","892.8","11.7"
"301.8","16.9","891.8","11.3"
"298.6","17","891.4","11.2"
"294.8","17.3","891.1","10.7"
"300.9","16.4","890.8","11"
"311.5","15.9","890.6","10.9"
"311.4","16.1","890.3","11"
"308.5","17","890.1","11"
"314.1","18.1","889.9","10.6"
"320.2","18.3","889.8","10.6"
"322","18.9","889.5","10.4"
"321.5","19.2","889.5","10.2"
"307.6","19.2","889.3","10.1"
"314.7","18.8","889.2","10.2"
"308.4","18.6","889","10.3"
"316.4","18.3","888.9","10.5"
"322.1","18.2","888.8","10.6"
"319.6","17.5","888.6","10.8"
"323.1","17.3","888.6","10.8"
"334.1","17.3","888.5","11"
"332.3","18.4","888.4","11"
"320.4","18.7","888.2","10.9"
"327.6","18.8","888.2","10.7"
"319.9","18.9","888","10.9"
"318.7","18.9","888","10.8"
"319.3","19.1","887.8","11"
"319.4","18.6","887.7","11.1"
"333.8","17.7","887.6","11.1"
"14.5","14.5","887.5","11.9"
"74.9","15.1","887.4","11.6"
"59","15.8","887.3","11.2"
"61.3","15.9","887.2","11.3"
"56.7","16","887.1","11.1"
"13","16.6","887","11"
"343.4","16.6","886.9","10.7"
"343.7","15.6","886.7","10.9"
"343.7","15.4","886.6","10.9"
"343.5","16.1","886.4","10.3"
"343","15.1","886.3","11.1"
"348.4","16.1","886.1","10.4"
"2.7","15.8","886.1","10.6"
"28.7","15.7","885.9","10.7"
"54.5","16.4","885.8","9.9"
"72.6","16.8","885.6","9.5"
"63.1","17.9","885.5","8.9"
"59.7","18.9","885.4","8.8"
"67.7","19.7","885.3","8.9"
"64.7","19.4","885.2","8.9"
"64.5","19.9","885.1","8.8"
"64.2","19.6","885","8.8"
"71.9","19.7","884.8","8.7"
"79.2","19.5","884.7","8.6"
"89.9","19.4","884.6","8.5"
"103.2","19.5","884.5","8.5"
"132.5","18.6","884.3","8.9"
"108.5","18.6","884.6","9"
"105.6","18.6","885.2","9.3"
"103.2","18.9","886.2","9.5"
"95.9","19","887.9","9.5"
"80.7","19.1","890","9.3"
"87.8","19.2","892.6","9.2"
"83.3","19.6","895","9.2"
"88","20.3","896.7","9.3"
"102.6","20.6","898.6","9.4"
"101.5","20.5","901.4","9.5"
"92.8","21","903.8","9.5"
"93.5","21.7","910","9.8"
"81.8","21.9","926.7","10.2"
"100.1","21.5","926.3","10.9"
"102.1","22.1","912.5","11"
"97.2","21.3","912.2","11.4"
"93.1","20.4","912.1","12.4"
"88.3","20.8","911.4","12"
"97","20.4","911.8","12.6"
"94.7","20.7","912.4","12.8"
"98","20.7","911.8","13.1"
"87.9","21","911.5","12.6"
"104.5","20.4","911.8","13.2"
"93.9","20.5","911.3","12.7"
"97.4","20.2","911.5","13.1"
"98.8","20.1","912.3","13.3"
"87.7","21","912.4","12.7"
"96.1","21.2","902.7","12.5"
"94.1","21.3","911.5","12.4"
"90.1","20.9","925","12.9"
"85.1","21","921.1","13"
"88","21.3","911.2","12.5"
"92.8","21","903.4","12.4"
"85.4","21.6","910.7","12.1"
"90.8","20.9","925.8","12.3"
"91.1","20.8","925.5","12.3"
"88.3","21.7","912.5","11.9"
"95.3","22.9","902.4","11.6"
"95.6","23.1","897.3","11.4"
"97.7","24.7","894","11"
"99.5","25.9","892.3","10.6"
"97.5","26.5","891.3","10.2"
"98.4","27.5","891","9.6"
"97.4","28.6","890.6","9.1"
"95.9","29.5","890.4","8.7"
"94.3","30.9","890.1","8.4"
"91.8","32","890","8"
"94.9","32.7","889.8","7.7"
"97.6","33.3","889.6","7.5"
"93.6","33.9","889.4","7.3"
"94.5","34.4","889.2","7.1"
"90.7","35.4","889.1","6.8"
"86.5","36.4","889","6.5"
"86.4","37.2","888.7","6.2"
"90.5","37","888.6","6.3"
"90.3","37.3","888.5","6.2"
"89.3","37.7","888.3","6"
"88.6","37.6","888.2","5.9"
"90","37.3","888","5.9"
"83.5","36.9","887.9","5.8"
"86.7","36.8","887.8","5.7"
"87.4","37.1","887.6","5.5"
"83.3","37.1","887.5","5.3"
"82.1","37.2","887.4","5.3"
"97.2","37.4","887.2","5.2"
"90.9","38.1","887.1","5"
"97.2","38.6","886.9","4.9"
"92.8","38.9","886.8","5"
"97.3","39.5","886.7","4.8"
"76.9","40.2","886.5","4.6"
"108.5","40.3","886.4","4.8"
"102.1","40.7","886.3","4.9"
"92.8","40.9","886.1","4.8"
"91.7","41.2","886","4.7"
"91.1","41.7","885.8","4.6"
"89.9","41.9","885.8","4.6"
"101.9","42.5","885.6","4.4"
"104.8","43.4","885.4","4.2"
"107.3","44.3","885.3","4.1"
"108.5","44.8","885.2","4"
"105.7","45.4","885","4"
"102","46.1","884.9","4"
"105.3","46.7","884.8","3.9"
"111.9","47.3","884.6","3.8"
"110","48.1","884.5","3.7"
"113.2","48.5","884.3","3.6"
"112.3","49.2","884.2","3.4"
"116.3","50","884.1","3.6"
"115","50.5","883.9","3.5"
"115.7","50.9","883.8","3.4"
"113.7","51.5","883.7","3.3"
"110.8","52.3","883.7","3"
"111.4","53","883.5","2.9"
"111.2","53","883.4","2.9"
"112.4","52.1","883.4","3"
"106","51.9","883.2","2.9"
"105","51.8","883.1","2.9"
"103","51.9","883.1","2.9"
"106.9","51.9","883.2","3"
"105.3","51.9","883.6","3"
"102.9","51.8","883.6","3.2"
"103.7","52.1","883.6","3.4"
"103","52.2","884.4","3.7"
"106","52.4","885.7","3.9"
"105.8","53","887.4","4.2"
"105.7","53.4","889.5","4.5"
"108.8","52.7","895.3","5.1"
"108.5","52.3","898.2","5.4"
"100.9","53.2","900","5.5"
"100","54.7","900.6","5.7"
"103.3","54.8","899.6","6.1"
"107.9","56.1","897.3","5.8"
"100.4","60.2","894.3","5.4"
"110.7","61.8","894.1","5.5"
"104.2","64.9","894.6","5.4"
"90","65.6","895.3","5.5"
"103.2","65.3","895.4","5.7"
"90.6","65.5","895.2","5.7"
"106","65","893.6","5.8"
"100.7","64.6","892.3","5.8"
"108.8","64.9","891.5","5.5"
"107.2","63.7","892.4","5.9"
"95.6","63.3","892.7","5.9"
"100.5","62.8","891.1","5.9"
"103.9","62.6","890.3","5.9"
"104.2","62","890.2","6.1"
"104","61.3","889.8","6.2"
"103.1","61.6","889.6","6"
"96.6","60.7","888.9","6.3"
"105.3","59.8","888","6.1"
"102.7","59.2","887.5","6.1"
"101.3","58.5","886.9","6"
"105.6","57.6","886.4","5.8"
"109.8","57.1","885.6","5.7"
"106.6","56.9","885.1","5.5"
"107.1","57.5","884.6","5.4"
"103.7","58","884.3","5.3"
"113.6","58.3","884.1","5.2"
"110.4","58.4","883.9","5.1"
"109.5","58.8","883.8","4.9"
"105.2","59.5","883.6","4.8"
"103.9","61.6","883.5","4.6"
"99.6","62.7","883.4","4.4"
"100.9","62.1","883.4","4.3"
"109.5","61.2","883.3","4.2"
"105.6","60.2","883.1","4.1"
"105.6","60.4","883.1","4"
"97.1","61.1","883.1","3.9"
"97.9","62.1","883","3.8"
"96.9","63.3","882.9","3.8"
"96.7","64.4","882.8","3.7"
"95.2","64.9","882.8","3.7"
"93.4","65.5","882.7","3.6"
"90.3","65.9","882.7","3.5"
"98.4","66.4","882.6","3.4"
"93.5","66.6","882.5","3.4"
"101","67","882.5","3.3"
"95.6","67.4","882.4","3.2"
"88.7","68","882.4","3.1"
"95.1","68.1","882.3","3.1"
"97.1","68.2","882.3","3.1"
"96.8","68.3","882.3","3.1"
"98.6","68.1","882.1","3.1"
"99.7","68.1","882.1","3"
"93.1","68.3","882.1","2.9"
"91.6","68.2","882","2.8"
"97.7","67.8","882","2.8"
"101.6","67.7","882","3"
"109.2","67.9","881.9","2.9"
"115.1","68.3","881.9","2.9"
"111.5","69.1","881.9","2.8"
"101.5","69.8","881.7","2.8"
"98.2","71.1","881.7","2.7"
"107","71.8","881.7","2.8"
"100.8","71.7","881.6","2.7"
"86.5","73","881.6","2.6"
"94.7","73.8","881.5","2.7"
"111.3","74","881.5","2.7"
"98.2","75","881.5","2.6"
"96.6","76.1","881.4","2.6"
"110.1","76.5","881.4","2.5"
"109.5","77.3","881.3","2.5"
"101.7","77.7","881.3","2.4"
"107.7","78.5","881.2","2.3"
"112.6","79.6","881.2","2.4"
"117.2","79.2","881.1","2.5"
"111.7","78.3","881.1","2.6"
"106.6","78","881.1","2.5"
"104.5","77.7","881","2.4"
"109.4","77.6","880.9","2.4"
"105.9","77.4","880.9","2.4"
"102.5","77.4","880.9","2.5"
"98.8","77.6","880.8","2.5"
"97.1","77.5","880.9","2.4"
"101.1","77.7","880.9","2.5"
"105.6","77.5","881","2.6"
"105.7","77.1","881.1","2.8"
"100","77.6","880.9","2.8"
"100.2","78.5","880.9","2.9"
"98.1","79.2","880.9","3"
"99.5","78.9","881.6","3.1"
"98.6","82.2","881.9","3.1"
"99.2","84.6","881.7","3"
"100.9","89.1","881.8","3.2"
"93.7","92.8","882.9","3.3"
"97.6","94.4","884","3.5"
"101.8","96.4","884.4","3.6"
"104.5","97.3","884.2","3.6"
"87.7","96.9","886.2","4"
"96","96.6","888.8","4.1"
"104.5","93.5","888.7","4.5"
"112","93.2","889.1","4.3"
"88","93.7","888.2","4.3"
"100.5","91.7","890.5","4.7"
"96.2","92.1","891.2","4.6"
"98.6","91.5","895.2","5"
"79.6","91.2","895.8","5"
"74","91.4","895.6","5.1"
"79.4","89.7","895.6","5.4"
"74","89.5","895.7","5.2"
"80.1","90.6","895.7","4.9"
"81.8","93.2","895","4.7"
"90.8","91.9","893.7","4.9"
"81.1","93.9","891.9","4.9"
"91.9","94.5","891.7","4.7"
"89.7","96.4","890.5","4.3"
"89.5","97","889.5","4.3"
"86.3","96.9","889.9","4.2"
"102.1","97","888.2","4.1"
"92.9","98.7","887.3","4"
"106.2","98.7","886.6","3.9"
"101.9","98.6","885.9","3.6"
"97.5","98.7","885.3","3.4"
"92.5","98.9","884.7","3.3"
"97.9","99.3","884.2","3.2"
"97.8","98.9","883.7","3.1"
"92.3","98.1","883.2","3"
"86.8","97.5","882.8","2.9"
"97.5","97.2","882.4","2.9"
"103.4","96.7","882.1","2.8"
"109.4","96.8","881.8","2.8"
"109.8","97.2","881.5","2.8"
"103","97.7","881.3","2.8"
"107.9","97.9","881.1","2.8"
"100.6","98.2","880.9","2.8"
"82.8","98.4","880.8","2.8"
"90.9","98.8","880.7","2.9"
"91.1","99.1","880.6","2.9"
"93.9","99.3","880.5","2.9"
"88.8","99.3","880.5","3"
"88.6","99.3","880.4","3.1"
"89.8","99.3","880.4","3.1"
"91.4","99.3","880.3","3.1"
"95.6","99.3","880.2","3.1"
"91.5","99.3","880.2","3.1"
"92","99.3","880.2","3.2"
"96.4","99.3","880.1","3.2"
"98.5","99.3","880.1","3.2"
"103.2","99.3","880","3.2"
"100.2","94.7","880","3.1"
"98.9","89.2","880","3"
"102.2","86.1","879.9","3"
"105.7","84.8","879.9","2.9"
"103.4","83.8","879.8","2.8"
"104.6","83.3","879.8","2.7"
"112.3","82.5","879.7","2.6"
"107.8","82.5","879.7","2.6"
"105.6","81.6","879.6","2.5"
"105.4","80.9","879.5","2.4"
"101.4","80.8","879.6","2.4"
"97.9","80.3","879.4","2.4"
"101.8","78.9","879.4","2.4"
"101.7","78.9","879.3","2.3"
"107.2","78.9","879.3","2.3"
"106.8","78.4","879.2","2.3"
"104.1","78.4","879.1","2.2"
"105.6","78.5","879.1","2.2"
"98.4","78.7","879","2.1"
"101.2","79.2","879","2.1"
"104.3","79.6","878.9","2.1"
"111.3","80","878.9","2.1"
"107.3","80.5","878.8","2.1"
"109.5","80.8","878.7","2"
"105.7","81.1","878.7","2"
"105","82.5","878.8","1.9"
"102","85.4","878.6","2"
"98.6","89.2","878.6","2"
"104.9","90.9","878.5","2"
"96.6","90.3","878.4","1.9"
"101.4","94.1","878.4","1.8"
"97.3","96.6","878.2","1.7"
"94.5","99.3","878.2","1.7"
"94.7","99.3","878.2","1.7"
"106.5","99.3","878.1","1.7"
"105","99.3","878.1","1.4"
"111.8","99.3","878.1","1.2"
"112","99.3","878","1"
"100.2","99.3","878.1","1"
"101.5","99.3","878","1"
"111.8","99.3","877.9","1"
"123.7","99.3","877.8","0.9"
"115.9","99.3","877.8","0.9"
"90","99.3","877.8","1"
"103.2","99.3","877.7","1.1"
"115.7","99.3","877.6","1.1"
"130.8","99.3","877.6","1.2"
"196.2","99.3","877.6","1.2"
"262.9","99.3","877.7","1"
"260.9","99.3","877.5","1"
"272.3","99.3","877.8","1.3"
"285.4","99.3","877.8","1.2"
"291.3","99.3","877.5","1.3"
"290.1","99.3","877.3","1.5"
"292.3","99.3","877.2","1.8"
"288.3","99.3","877.2","1.9"
"284","99.3","877.1","1.9"
"292.3","99.3","877.1","2"
"294.8","99.3","877.1","2"
"293.3","99.3","877.1","2.1"
"298.6","99.3","877.1","2"
"298.7","99.3","876.9","2.2"
"290.9","99.3","876.8","2.3"
"292.5","99.3","876.7","2.4"
"291.4","99.3","876.7","2.2"
"286.6","99.3","876.7","1.6"
"290.7","99.3","876.6","1.3"
"287.7","99.3","876.6","0.6"
"291.5","99.3","876.5","0.2"
"293.6","99.3","876.4","0.1"
"287.1","99.3","876.4","0"
"290.7","99.3","876.3","-0.1"
"289.4","99.3","876.2","-0.4"
"292.3","99.3","876.1","-0.6"
"290.6","99.3","876","-0.7"
"292.5","99.3","875.9","-0.9"
"292","99.3","875.8","-1"
"290.2","99.3","875.8","-1.1"
"289.6","99.3","875.7","-1.2"
"294.3","99.3","875.6","-1.3"
"290.8","99.3","875.5","-1.3"
"289.4","99.3","875.4","-1.3"
"290.2","99.3","875.4","-1.4"
"295.1","99.3","875.3","-1.5"
"292.2","99.3","875.3","-1.6"
"293.9","99.3","875.1","-1.6"
"297.5","99.3","875.1","-1.7"
"291.6","99.4","875","-1.8"
"296","99.4","874.9","-2"
"293.3","99.4","874.9","-1.9"
"294.2","99.4","874.8","-2"
"293.4","99.4","874.8","-2.1"
"291.5","99.4","874.7","-2.2"
"293.8","99.4","874.6","-2.3"
"289.2","99.4","874.6","-2.4"
"296.7","99.4","874.4","-2.4"
"301.4","99.4","874.3","-2.5"
"298","99.4","874.3","-2.6"
"293.2","99.3","874.3","-2.5"
"298","99.4","874.1","-2.5"
"298.3","99.4","874","-2.4"
"298.4","99.3","874","-2.4"
"294.4","99.4","873.9","-2.5"
"291.4","99.3","873.8","-2.8"
"297.5","99.3","873.8","-2.8"
"294.4","99.4","873.7","-2.9"
"295","99.3","873.6","-2.8"
"298","99.3","873.6","-2.8"
"295.4","99.4","873.5","-2.8"
"294.8","99.3","873.4","-2.9"
"298.4","99.3","873.4","-2.9"
"297.4","97.5","873.3","-2.8"
"290.4","97.9","873.3","-3"
"297.4","96.1","873.2","-3"
"297.8","94.8","873.2","-3"
"295.4","91.3","873","-2.9"
"292.6","87","873","-2.8"
"291.8","80.9","872.9","-2.7"
"294.4","80.8","872.9","-2.8"
"296.6","80.4","872.9","-2.9"
"295.3","80.5","872.8","-3.1"
"297.9","79.4","872.7","-3.2"
"293.8","79.3","872.6","-3.3"
"295.6","79","872.5","-3.4"
"295.3","78.1","872.4","-3.4"
"300.7","77.1","872.7","-3.4"
"298.2","76.2","872.8","-3.4"
"300.9","74.7","872.9","-3.4"
"298.6","74.4","873.1","-3.4"
"297","73.5","874.1","-3.4"
"295.1","72.7","876.4","-3.3"
"295.8","72.9","883.6","-3.2"
"295.9","72.4","886","-3.1"
"304","71.5","887.6","-3"
"299.5","72.3","887.4","-3"
"292.7","70.5","886.7","-3.1"
"298.3","68","892.4","-3.1"
"301.6","68.8","890.8","-3"
"292","70","886.7","-3"
"297.2","68.2","884.5","-3.4"
"295.1","68.6","884.1","-3.4"
"293.3","68.8","884.1","-3.3"
"293.1","68.2","885","-3.2"
"293.4","66.9","885.7","-3.2"
"297.8","66.6","884.5","-3.2"
"293.3","66.2","882.7","-3.2"
"298.8","66.8","882.1","-3.2"
"294.9","66.4","880.6","-3.3"
"296.5","66.4","880.6","-3.3"
"296.2","71.2","880","-3.6"
"295.5","74.4","880.3","-3.9"
"294.3","75.5","882.9","-3.8"
"294.8","72.6","888.3","-3.3"
"290.4","71.8","885.6","-3.4"
"296.8","71.3","884","-3.4"
"294.3","78.5","881.3","-3.7"
"289","83.1","879.6","-4"
"289.9","82.4","878.5","-4"
"295.6","73","877.8","-3.4"
"299","67.3","877.2","-3.1"
"298.5","65.7","876.6","-3.1"
"293.9","63.5","876.1","-3.1"
"296.4","56.1","875.6","-3.1"
"290.5","54.6","875.1","-3.1"
"290.1","54","874.5","-3.2"
"302","54.8","874","-3.3"
"295.9","54.2","873.5","-3.3"
"302.9","53","873.3","-3.3"
"296.2","53.1","873","-3.4"
"300.4","52.1","872.9","-3.4"
"297","51.4","872.6","-3.5"
"304.7","51.6","872.5","-3.4"
"300.1","50.5","872.4","-3.5"
"299.2","49.7","872.3","-3.6"
"301.1","48.9","872.2","-3.6"
"296.7","48.8","872.1","-3.7"
"302.6","49","872.1","-3.8"
"298.8","48.4","871.9","-3.8"
"298.5","48.8","871.9","-3.9"
"295.3","48.3","871.8","-3.9"
"298.4","48.2","871.7","-4"
"301","47.9","871.6","-4"
"303.1","48.1","871.5","-4"
"299.8","48.1","871.5","-4.1"
"299.2","48.5","871.4","-4.2"
"300.2","48.1","871.3","-4.2"
"300.2","47.2","871.3","-4.2"
"301.8","47.3","871.2","-4.4"
"303.7","47.2","871.1","-4.5"
"298.6","46","871","-4.5"
"299.4","45.5","871","-4.6"
"305.2","45.1","870.9","-4.7"
"301","45.2","870.8","-4.9"
"299.6","44.2","870.8","-5"
"300.1","43.3","870.7","-5.1"
"292","44.2","870.6","-5.3"
"301","43.8","870.5","-5.4"
"299.7","42.6","870.4","-5.6"
"297.2","41.9","870.3","-5.7"
"299.4","42.5","870.2","-5.8"
"299.6","42.4","870.1","-5.9"
"295.3","42.4","870","-6"
"294.7","42.2","870","-6"
"300.7","43.5","869.8","-6.1"
"300.8","44.1","869.7","-6.2"
"296.8","43.8","869.7","-6.3"
"304.2","44.3","869.6","-6.5"
"292.8","44.5","869.5","-6.6"
"293.3","45","869.4","-6.6"
"298.5","45.4","869.3","-6.7"
"293.8","46.5","869.2","-6.8"
"295.2","47.5","869.2","-7"
"297","46.7","869","-7.2"
"300.1","46.2","869","-7.4"
"299","45","868.8","-7.4"
"297.2","44.8","868.7","-7.4"
"290.5","45.2","868.7","-7.5"
"295.1","46.2","868.5","-7.7"
"298.7","45.7","868.4","-7.8"
"296.4","46.1","868.3","-7.8"
"294.2","45.6","868.1","-7.8"
"300.7","44.9","868.4","-7.8"
"295.1","45.5","868.6","-7.8"
"294.9","45.1","869.2","-7.8"
"296.2","44.3","869.5","-7.7"
"298.1","42.4","869.7","-7.6"
"301.7","42.9","871.2","-7.7"
"296.7","42.3","872.9","-7.6"
"301.9","42.6","874.2","-7.5"
"301.1","42.5","873.9","-7.6"
"302.3","42.7","873.2","-7.5"
"303","42.4","876.1","-7.3"
"297.3","42.9","878.2","-7.2"
"299.2","42.3","882.2","-7.1"
"295","41.6","882.2","-7.1"
"297.4","41.7","884.2","-7.1"
"295.4","40.6","885.8","-7"
"298.4","40.5","887.2","-6.8"
"300.7","38.6","890.1","-6.2"
"300.1","36.4","890.9","-6.2"
"291.4","35.6","891.9","-6"
"298.9","34.9","891.8","-6.1"
"298.4","35.1","895.6","-5.5"
"298.3","35.1","900.4","-5"
"292.6","35.7","897.1","-5.1"
"298.9","33.1","897.8","-5.3"
"299.4","34.2","896.6","-4.8"
"302.6","34.1","893.3","-4.9"
"308.5","34.8","896","-4.9"
"298.7","36.2","896.9","-4.8"
"288","35.1","898.5","-4.6"
"292.1","36.7","897.1","-4.9"
"290.9","37.7","900.2","-4.6"
"296.8","36.5","896.7","-4.8"
"294.8","33.5","900.2","-4.5"
"302","32.9","894.5","-4.9"
"294.8","34.2","898.1","-4.6"
"296.8","37.8","896.5","-4.6"
"295.3","40.4","896.8","-4.6"
"299.5","42.6","889.6","-4.9"
"297.7","44","886.1","-5.1"
"288.4","45.5","884.8","-5.2"
"288.7","44.9","883.9","-5.2"
"292.4","45","883","-5.3"
"295.6","45.1","882.6","-5.4"
"290.2","45.7","882.3","-5.5"
"293.1","46","881.9","-5.6"
"297.6","46.1","881.6","-5.7"
"297.1","44.7","881.3","-5.6"
"298.1","45.4","881.1","-5.8"
"296.6","44.7","880.9","-5.6"
"300.7","45.2","880.7","-5.8"
"302.3","43.7","880.5","-5.4"
"305.6","45.4","880.3","-5.7"
"301.2","46.7","880.1","-6.1"
"298.6","46.8","879.9","-6"
"298.4","47.4","879.8","-6.2"
"299.1","46.6","879.6","-6.2"
"296.6","46","879.5","-6.1"
"297","45.5","879.2","-6.1"
"298.9","44.7","879.1","-6"
"298.4","44.4","879","-6"
"297.4","46.2","878.8","-6.4"
"297.1","47.4","878.7","-6.3"
"296.1","47.8","878.6","-6.2"
"296.3","48.3","878.4","-6.3"
"293.6","49","878.2","-6.3"
"289.5","50.9","878","-6.5"
"291.4","52.2","878","-6.8"
"290.3","53.3","877.7","-7"
"293.1","52.2","877.6","-7"
"288.3","49.8","877.4","-6.8"
"289.4","49.5","877.2","-6.9"
"286.5","47.8","877","-6.8"
"283","47.8","876.9","-7"
"286.6","46","876.8","-6.9"
"286.5","45.3","876.6","-6.8"
"295.3","46","876.5","-6.9"
"299.6","46.1","876.4","-7.1"
"296.3","46","876.2","-7.2"
"300.2","46.1","876.1","-7.3"
"290.8","46.2","875.9","-7.3"
"302.4","47.1","875.8","-7.5"
"297.4","47.6","875.6","-7.5"
"296.8","47.2","875.4","-7.5"
"293.3","47.8","875.3","-7.5"
"289.9","48.6","875.1","-7.6"
"292.1","48.5","874.9","-7.6"
"295","49","874.7","-7.7"
"301.5","49.7","874.6","-7.9"
"297.1","49.5","874.4","-8"
"300.5","49.3","874.2","-8.1"
"296.2","49","874","-8.1"
"298.6","48.4","873.8","-8.1"
"298.5","48.4","873.6","-8.2"
"297.2","47.6","873.4","-8.2"
"301.1","47.6","873.6","-8.2"
"298.3","46.4","874.4","-8.1"
"295.1","46","876.3","-8"
"292.8","45.3","879.8","-7.8"
"296.1","44.5","884.4","-7.7"
"294.4","43.8","888.2","-7.5"
"291.5","43.9","891.6","-7.3"
"294","43.7","894.4","-7.2"
"298.3","43.8","896.6","-6.9"
"295.6","43.1","898.4","-6.7"
"289.9","42","900.6","-6.3"
"302.3","41.5","903","-6.4"
"297.8","41","906.5","-6.1"
"291.3","40","911.9","-5.9"
"289.7","40.9","916.9","-5.6"
"294.7","41.2","938.4","-5.2"
"281.1","39.8","938.4","-5.2"
"284.2","38.2","938.1","-4.6"
"291","36.1","937.8","-4.4"
"287.2","36.4","937.9","-4.1"
"292.4","36.1","937.1","-3.8"
"284.3","34.5","936.9","-3.6"
"295.1","33.7","937.1","-3.3"
"296.5","34.3","936.6","-3.1"
"283.9","33.8","936.5","-3"
"290.6","32.8","934.6","-2.8"
"296.5","32","937.4","-2.5"
"288.4","32.5","935.8","-2"
"292.8","32.1","935.4","-1.9"
"285.6","33.5","933.1","-2.1"
"293.1","33.4","935.6","-2"
"289.6","32.4","934.8","-1.9"
"294.7","31.6","936","-1.8"
"292.5","30.9","935.2","-1.4"
"291","30.5","935.2","-1.5"
"289","29.7","933.9","-1.6"
"290","30","935.8","-1.6"
"289","30.5","927.6","-1.5"
"294.7","30.7","921.8","-1.5"
"291.5","31","921.7","-1.6"
"292.8","30.9","906.2","-1.7"
"299.2","31.5","899.2","-1.8"
"294.8","32.2","893.4","-2.1"
"293.8","31.6","891.2","-2.1"
"297","32.7","890.7","-2.4"
"295.3","33.2","890.2","-2.5"
"297.7","34.3","889.9","-2.8"
"294.4","33.3","889.5","-2.7"
"291.8","34.1","889.2","-2.9"
"295.5","34","889","-2.8"
"297.1","32.5","888.8","-2.5"
"296.3","33.7","888.5","-2.8"
"297.4","35.5","888.3","-3.4"
"297.4","36.3","888.1","-3.6"
"295.3","34.6","887.9","-2.8"
"298.9","35.6","887.7","-3"
"299.8","35.6","887.6","-2.9"
"298","36.2","887.4","-3"
"298.1","37","887.3","-3.2"
"301.1","37.7","887.1","-3.4"
"303.1","38.2","887","-3.5"
"305.4","40.2","886.7","-3.9"
"292.5","40.5","886.6","-3.8"
"297.1","40.6","886.5","-3.7"
"301.4","41.4","886.3","-4"
"295.8","40.2","886.2","-3.6"
"291.1","39.7","886.1","-3.2"
"295.9","39.3","886","-3"
"299.2","38.7","885.9","-2.8"
"298.2","38.4","885.8","-2.9"
"295.1","36.3","885.8","-2.5"
"292.5","35.4","885.6","-2.4"
"295.6","34.7","885.6","-2.3"
"296.3","34.7","885.6","-2.4"
"298.8","35.1","885.5","-2.5"
"294.1","34.3","885.5","-2.5"
"297.5","34.3","885.3","-2.8"
"290.4","33.5","885.2","-2.7"
"299","33.9","885.1","-2.9"
"293.8","34.8","885","-3"
"288.3","34.8","885","-3"
"294.4","34.7","884.8","-3"
"292","35.1","884.7","-3.2"
"293.7","35.2","884.5","-3.2"
"293.7","34.9","884.4","-3.2"
"293.9","35.3","884.4","-3.3"
"293.6","36.3","884.3","-3.6"
"288.2","35.7","884.1","-3.6"
"287.9","35.6","884","-3.6"
"288.8","36.1","883.9","-3.8"
"292.8","35.6","883.8","-3.7"
"292.6","36.1","883.7","-4"
"295.5","36.7","883.6","-4.1"
"288.1","36.2","883.4","-4.1"
"291.8","36.6","883.3","-4.2"
"294","37.1","883.1","-4.3"
"292.1","36.8","883","-4.3"
"299.8","36.5","883.1","-4.2"
"298.8","37.3","883.4","-4.3"
"291.7","36.5","885.7","-4.1"
"294.3","37.1","889","-3.9"
"291.6","37.6","892.4","-3.6"
"292.6","36.9","896.1","-3.4"
"291.6","35.8","900","-3.1"
"291.2","35","905.6","-2.6"
"296.8","32.8","931.2","-2.7"
"293.9","34","936.4","-2.3"
"295.8","34.2","933","-2"
"288","31.3","921.4","-1.5"
"296.8","31.5","921.1","-1.1"
"297.8","30.4","921.6","-1.2"
"290.5","28.2","920.8","-0.7"
"296.1","27.6","919.6","-0.3"
"289.9","27.1","920.1","-0.5"
"294.1","26.6","920.9","0"
"291.2","26.7","920.1","0.5"
"284.3","25.1","921.5","0.5"
"297.8","24.9","920","1.1"
"294.5","23.1","919.2","1.1"
"286.2","23","919.2","1.3"
"298.4","23.3","920.4","1.6"
"299.4","23.8","917.5","1.6"
"291.9","24.3","918.8","1.5"
"287.7","24.1","917.7","2.1"
"294.3","23.6","918.3","1.8"
"285.8","23.5","919.8","2.2"
"297.6","22.9","919.1","2.6"
"296.6","22.5","919.6","2.9"
"295.6","22.4","918.8","2.9"
"301.9","22.7","919.1","3.1"
"295.1","23.3","919","3.3"
"299.5","23.7","918.6","3.3"
"301.7","23.5","919.5","3.3"
"307.2","23.2","918.9","3.2"
"300.1","23.6","918.7","3.1"
"292.3","24.6","928.9","2.7"
"291.9","24.9","933","2.7"
"298","25.6","896.1","2.2"
"297","26","893.8","2.1"
"293.6","26.4","891.7","1.9"
"300.4","26.3","891","1.8"
"300.9","27","890.6","1.5"
"300.6","27.1","890.3","1.4"
"290.3","26.3","890","1.6"
"296.1","27","889.8","1.1"
"299","26.7","889.5","1.3"
"298.5","26.4","889.3","1.3"
"298.1","26.9","889.1","1"
"299.9","27.6","888.9","0.7"
"297.4","27.2","888.7","0.7"
"296.9","26.1","888.5","0.9"
"297.9","25.5","888.3","1"
"300.4","25.2","888.2","1"
"297.4","25.1","888","1.1"
"298.7","25.3","887.9","1"
"298.6","25.4","887.8","0.9"
"294.5","25.8","887.7","0.7"
"294","24.7","887.5","1.2"
"298.7","25.1","887.4","1"
"300.1","24.8","887.3","1.1"
"299.4","24.9","887.1","1"
"304.4","24.5","887","1"
"301.2","24.9","886.9","0.9"
"304.1","25.5","886.8","0.7"
"302.3","25.8","886.7","0.6"
"304","26.3","886.6","0.5"
"305.4","26.7","886.4","0.2"
"300.7","27","886.3","0.1"
"299.7","27.5","886.2","-0.1"
"300.7","27.6","886","0"
"303.6","26.4","885.9","0.5"
"300.1","28.6","885.8","-0.4"
"300.9","28","885.7","-0.1"
"302","28.6","885.6","-0.2"
"306.8","29.3","885.5","-0.4"
"306.5","30.4","885.3","-0.7"
"304.1","30.3","885.2","-0.6"
"302","30.5","885.1","-0.6"
"302.2","31.1","885","-0.6"
"301.3","31.3","884.9","-0.4"
"305.6","30.6","884.8","-0.1"
"304.9","33.4","884.7","-1"
"306.7","34","884.6","-1.1"
"304.5","34.6","884.5","-1.3"
"312.2","34.3","884.4","-1.3"
"304.2","34.8","884.3","-1.2"
"305.4","34.9","884.1","-1.3"
"300.4","32","884.1","-0.3"
"305.6","32.2","884","-0.4"
"312.5","33.6","884","-0.8"
"307.6","33.8","883.9","-0.9"
"307","33.5","883.7","-1"
"301.7","33.5","883.9","-1"
"290.6","31","884.7","-0.1"
"301.1","33.2","886.4","-0.9"
"305.7","32.9","888.6","-0.6"
"310.5","32.2","891.4","-0.4"
"286.7","33.4","894.6","-0.4"
"277.4","32.5","898","0"
"263.1","30.6","901.7","1.4"
"259.1","30","906.9","1.9"
"278.3","32","929.8","1.5"
"277.3","31.9","919","1.7"
"271.8","30.2","917.9","2.2"
"266.3","28","917.6","3"
"265","26.2","916.6","4"
"269.3","23.9","918.1","4.6"
"276.2","23.4","916.8","4.4"
"276.6","23.1","917","4.7"
"281.4","22.5","917","5"
"299.5","22.5","917","6.3"
"287.1","21.9","916.4","5.9"
"288","20.8","916.7","6.3"
"286.1","20","916.1","6.2"
"302.8","19.6","916.6","6.7"
"304","19.1","915.9","7.3"
"300.8","19.8","916.8","7.2"
"292.2","19.2","915.6","7.5"
"298.8","19.3","914.9","7.4"
"290.5","19","915.8","7.6"
"299.3","19","915.8","7.5"
"294.7","19.2","915.2","7.9"
"303.5","19.3","915.1","8"
"292.2","19.3","915.2","8.5"
"297.4","19.1","914.9","8.4"
"293.6","19","914.6","8.6"
"286.2","19.1","913.6","8.8"
"289","19.5","914.2","8.6"
"283.3","19","927.8","8.6"
"293.1","18.5","927.7","8.7"
"287.5","18.7","928","8.6"
"287.1","18.8","928.2","8.8"
"294.7","19.3","913.8","8.4"
"300.1","20.1","898","8.1"
"293.9","20.7","894","7.6"
"307.6","22","892.3","7.2"
"299.3","22.5","891.7","6.9"
"307.5","22.7","891.3","6.8"
"307.2","22.5","890.9","6.7"
"301","23.2","890.6","6.2"
"295.8","23.5","890.4","6.1"
"285.6","24.3","890.1","5.7"
"294","26.2","889.8","5.1"
"282.7","25.6","889.7","5.4"
"293.1","26.5","889.4","5.1"
"295.6","26.7","889.2","4.8"
"294.4","27.5","889","4.7"
"300.9","29.8","888.9","4.2"
"294.8","31.8","888.6","4"
"299.7","29.7","888.5","4.5"
"297.6","30.3","888.3","4.1"
"292.2","32.2","888.2","3.4"
"290.2","33.4","888","3"
"293.1","33.8","887.8","3"
"292","34.9","887.7","2.9"
"289.1","34.4","887.5","3.1"
"293.2","35.4","887.4","2.7"
"294.8","35.5","887.2","2.7"
"301","34.4","887.1","2.7"
"297.9","35.2","887","2.5"
"296.3","36.1","886.8","2.4"
"299.3","40.5","886.7","1.2"
"295.3","39.4","886.6","1.5"
"290.7","37.6","886.5","2.1"
"294.8","38.9","886.3","1.6"
"295","37.9","886.2","1.8"
"298.7","38.8","886.1","1.3"
"298.5","37","886","1.8"
"297.4","36.5","885.9","2.1"
"295.3","38","885.8","1.5"
"296.2","38.3","885.7","1.6"
"291.4","38.6","885.5","1.4"
"292.8","39.4","885.4","1.2"
"294.2","38.8","885.4","1.4"
"301.4","40.1","885.3","0.9"
"294.2","39.4","885.2","1.2"
"299.1","40.9","885.1","0.7"
"301.1","40.7","885","0.9"
"296.9","40.8","885","0.7"
"294.8","41","884.8","0.7"
"296.2","39.7","884.8","1.1"
"296.8","37.4","884.7","1.9"
"295.6","37.4","884.7","1.9"
"293","37.1","884.6","2"
"292.9","36.4","884.5","2.1"
"297.5","39.6","884.5","1.1"
"292.3","39.3","884.4","1.2"
"293.4","39.3","884.4","1.4"
"292.3","41.3","884.5","0.6"
"287.7","40.3","884.9","1.1"
"287","40.3","886.1","1.1"
"292.8","40.2","888","1.1"
"288.2","39.6","890.6","1.4"
"288.4","39.4","893.8","1.7"
"286.3","37.9","897.3","2.4"
"269.5","38.2","900.9","2.5"
"281.7","37.1","904.3","2.9"
"290.4","36.1","908.7","3.6"
"293.9","35.7","932","4.1"
"301.3","35.5","931.5","4.4"
"306.2","34.8","920","4.6"
"300.6","32.2","916.5","5.2"
"285.5","31.3","916.7","5.8"
"303.5","29.4","916.7","6.8"
"300.4","28.2","915.1","6.9"
"302.3","26.2","915.3","7.1"
"288.2","24.5","914.9","7.8"
"257","23","914.6","8.2"
"252.2","22.9","913.7","8.3"
"270.3","23.1","914.7","8.4"
"281","22.7","914.2","8.8"
"260.3","22.8","913.9","9.2"
"269.2","22.1","913.9","9.6"
"279.8","20.6","915.3","9.3"
"286.9","18.6","914.2","9.6"
"291.2","18.3","913.9","10.1"
"303.1","18.5","913.8","10.1"
"307.2","18","913","10.4"
"312.7","17.3","913.4","10.3"
"298.4","17.1","913","10.8"
"291.6","17.5","912.4","10.6"
"264.1","17.4","911.9","10.8"
"286.2","17.2","913.2","10.5"
"291.8","17.1","912.7","10.5"
"294.5","17.2","912.4","10.9"
"305.6","17.4","912.7","10.8"
"301.1","17.8","912.3","10.2"
"310.5","18.4","895","9.7"
"323.1","18.6","893.7","9.5"
"323.7","18.1","893.4","9.5"
"326.2","18.6","891.8","9.3"
"77.2","24.2","891.2","8.4"
"95.9","28.4","891.1","8.1"
"89.9","29.1","890.7","7.8"
"87.5","29.3","890.5","7.8"
"91.4","29.2","890.2","7.5"
"80.7","30.1","890.1","7"
"78.5","28.4","889.9","7.2"
"69.3","28.7","889.7","7"
"64.6","28","889.5","6.9"
"60","27.8","889.3","7"
"59.4","28.5","889.1","6.9"
"75.6","25.3","889","7.4"
"61","24","888.7","7.6"
"338.7","25","888.6","7.4"
"317.6","28.9","888.5","6.8"
"297.7","29.4","888.3","6.4"
"268","28.7","888.2","6.1"
"272.2","28.7","888","5.4"
"277.4","29.5","887.9","4.9"
"280.9","28.9","887.7","5.2"
"279.7","29.9","887.5","4.8"
"273.6","29.7","887.4","4.9"
"256.6","31.7","887.2","4.3"
"264.1","32.3","887.1","4.3"
"274.7","32.5","886.9","4.3"
"296.7","32.6","886.7","4.2"
"292","33.8","886.6","3.7"
"296.7","34.3","886.4","3.6"
"297.7","34.5","886.3","3.5"
"304.8","32.7","886.1","3.9"
"307.9","35.1","886","3"
"313","34.6","885.9","3"
"311.1","34.4","885.7","2.9"
"302.4","34.5","885.6","2.7"
"311.5","34.8","885.5","2.5"
"314.7","34.1","885.3","2.6"
"306.9","34.5","885.3","2.5"
"304.4","35.8","885.2","2.1"
"307.8","35.6","885","2"
"308.6","35.2","884.9","1.9"
"303.1","35.3","884.8","1.7"
"299.4","34.5","884.7","1.8"
"291.8","34.2","884.7","1.8"
"301.9","34.4","884.6","1.7"
"294.2","34.8","884.5","1.5"
"298.9","35","884.4","1.5"
"304.1","35","884.3","1.4"
"301.4","34.4","884.3","1.6"
"307.3","34.6","884.3","1.5"
"307.2","35","884.2","1.4"
"306.8","35.8","884.2","1.2"
"297.7","36","884.1","1.3"
"304.7","36.5","884","1.2"
"299.9","37","884.1","1.1"
"299.8","34.8","884.4","1.9"
"297.5","35.7","884.9","1.9"
"296.8","36.8","885.8","1.9"
"291.4","38.8","887.5","1.8"
"299.6","38","889.5","2.1"
"298.4","36.8","892.2","2.4"
"297.9","36.5","894.8","2.5"
"296.6","36.7","897.5","2.6"
"289.7","36.5","900.4","2.7"
"298.9","36.3","903.3","3"
"295.9","35.7","906.4","3"
"298.5","35.4","913.6","3.2"
"296.6","35.1","933.1","3.4"
"293","33.5","932.7","3.6"
"299.9","31.9","918.2","3.7"
"298.1","29.5","917","4"
"294.2","28.5","917.5","4.3"
"290.4","28.5","917.2","4.4"
"289.8","26.8","917.8","4.2"
"300.6","26.1","918.4","4.7"
"296","24.4","917.4","4.3"
"288.6","23","919.3","4.8"
"296.9","23.4","916.8","4.9"
"301.2","23.7","918.3","4.9"
"302.4","23.8","917.1","4.8"
"298.9","24","919","4.9"
"302.5","24","917.9","5.1"
"302.6","24.4","916.3","5.1"
"302.8","24.5","918.4","5.2"
"300.7","24.8","918.8","5.2"
"300.1","24.8","918.7","5.6"
"315.3","25.2","918.6","5.2"
"306.9","25.3","916.7","5.4"
"312","25.3","916.7","5.6"
"309.6","25.8","917.7","5.3"
"317.8","25.7","917.7","5.4"
"303.2","25.6","917.3","5.5"
"299.4","25.7","917.2","5.5"
"308.3","25.5","906.9","5.2"
"307.9","25.4","898.2","5.1"
"306.1","25.4","894.4","4.9"
"309","25.7","892.3","4.6"
"318","25.8","891.2","4.4"
"318.2","26.2","890.8","4.2"
"313.3","26.3","890.5","4.1"
"312.9","26.4","890.2","4.1"
"308.9","26.7","889.9","4"
"309.3","26.6","889.7","3.9"
"312.4","26.2","889.4","3.8"
"312.6","26.2","889.2","3.6"
"303.4","26.4","889","3.4"
"311.8","26.3","888.9","3.3"
"304.5","26.2","888.6","3.2"
"306.7","26.1","888.5","3.1"
"321.9","25.6","888.3","3.2"
"349.1","24.4","888.2","3.6"
"326.1","24.7","888","3.5"
"299.3","26.7","887.8","2.7"
"292.4","28.6","887.6","2.1"
"304.5","27.9","887.5","2.3"
"299.7","27","887.3","2.3"
"296.2","27.4","887.1","2.1"
"303","28.2","886.9","1.8"
"303.3","28.7","886.8","1.7"
"301.4","29.3","886.6","1.5"
"306","29.6","886.4","1.4"
"306.1","30.2","886.3","1.2"
"306.1","30.9","886","1"
"304.6","31.7","885.9","0.8"
"303.5","32.1","885.6","0.7"
"302.1","31.6","885.5","0.8"
"306.3","32.5","885.3","0.6"
"310","33.4","885.1","0.4"
"301.7","35","884.9","-0.2"
"310.5","34.7","884.7","-0.2"
"302.9","35.2","884.5","-0.3"
"307.4","36.1","884.4","-0.7"
"299.7","35.6","884.3","-0.7"
"305.8","35.8","884.1","-0.8"
"301.4","36.6","884","-1.1"
"308.3","36.4","883.8","-1.1"
"311","37.2","883.8","-1.3"
"312.2","37.8","883.6","-1.4"
"302.8","39.4","883.5","-1.8"
"304.1","41.4","883.4","-2.1"
"305.8","43.1","883.3","-2.1"
"305.7","45.7","883.2","-2.4"
"299.4","47","883.1","-2.5"
"297","47.7","883","-2.6"
"299.4","44.5","882.9","-2.6"
"297.3","41.4","882.8","-2.6"
"305.2","40.5","882.7","-3.1"
"306.1","39.2","882.6","-3.1"
"305.2","39.9","882.6","-3.4"
"306.9","39.9","882.3","-3.7"
"316.1","38.1","882.6","-3.4"
"323.5","37.9","883.2","-3.4"
"311","36.2","884.3","-3.2"
"319.3","34.5","886.5","-3.2"
"308.5","33.9","889.8","-3.2"
"311.4","31.1","894.8","-3"
"309.5","28.5","899.2","-2.6"
"301.7","25.5","904","-2.2"
"299.2","25.3","909","-2"
"292.2","23.5","915.5","-2"
"282.8","22.6","935.9","-1.7"
"284.4","20.1","935.7","-1.5"
"299.8","19.9","920.6","-1.1"
"299.6","20.1","920.6","-0.7"
"296.6","19.9","920.8","-0.9"
"292.6","19.6","920.8","-1.1"
"293.6","19.9","921","-0.8"
"294.7","19.3","920.2","-0.6"
"296.4","19.1","919.5","-0.1"
"296.8","19","928.4","-0.2"
"305.5","19.4","933.7","0.1"
"300.9","19.9","924","0.1"
"298.9","20.2","921.9","0.7"
"300.8","20.3","919.4","1.3"
"283.5","21.5","919","0.4"
"280.7","21.4","918.6","0.8"
"291.4","21.5","919.6","1.4"
"295.4","21.5","919.1","1.4"
"284.8","20.9","920.7","1.8"
"313","21.4","919.8","1.6"
"293.2","19.9","918.2","1.9"
"283.6","19.8","915.5","2.4"
"276.9","18.6","919.4","3.4"
"292","18.5","918.2","2.6"
"278.7","17.7","918.4","3.4"
"302.3","18.1","917.3","2.9"
"305.7","18.4","918.1","3.2"
"325.7","18.2","918.6","3.2"
"338.1","18.2","919","3.6"
"10.1","18.4","918.4","2.9"
"45.1","18.3","899.4","2.5"
"70.3","18.1","896","2.5"
"80.4","18.2","893","2.5"
"74.6","19.6","891.5","2"
"61.9","18.8","891","1.9"
"46.5","18.6","890.7","1.9"
"57.5","18","890.3","1.9"
"73","17.8","890","1.9"
"78.8","17.5","889.8","1.8"
"77.2","18","889.6","1.7"
"95.9","21.5","889.4","0.9"
"89.1","22.4","889.2","0.4"
"85.2","22.3","888.9","0.6"
"93.9","22.2","888.8","0.7"
"84.9","23.8","888.5","-0.1"
"74","25.5","888.3","-0.7"
"77.4","25.2","888.1","-0.6"
"81.8","25.1","887.8","-0.6"
"82.4","26.1","887.7","-0.9"
"76.1","26.5","887.4","-1"
"72.3","26.1","887.2","-0.7"
"67.8","26.2","887","-0.8"
"70.3","25.8","886.9","-0.7"
"68.5","26.1","886.7","-0.8"
"68.3","26","886.5","-0.8"
"68.3","26.4","886.3","-0.9"
"74.1","27.5","886.1","-1.2"
"79.9","28.8","885.9","-1.3"
"81.8","29.6","885.7","-1.5"
"82.7","30.2","885.5","-1.7"
"84.3","30.5","885.2","-1.7"
"82.5","31.3","885","-1.7"
"86.6","31.6","884.8","-1.8"
"82.1","32.3","884.6","-2.1"
"77.5","32.9","884.4","-2.2"
"74.5","33.3","884.2","-2.1"
"78.5","33.4","884","-1.9"
"73.8","33.6","883.8","-1.9"
"73.8","33.9","883.6","-2.1"
"73.4","33.4","883.4","-2"
"69.6","33.5","883.3","-2.1"
"76.1","34","883.3","-2.2"
"75.5","34.2","883.2","-2.3"
"71.9","34.5","883","-2.4"
"74.1","34.7","883","-2.5"
"80.2","34.7","882.9","-2.5"
"81.1","35.1","882.7","-2.7"
"87.8","35.3","882.8","-2.8"
"85.4","35.3","882.6","-2.7"
"84.1","35.2","882.6","-2.6"
"87.3","35.1","882.5","-2.7"
"88.5","35.2","882.5","-2.8"
"92.8","35.3","882.4","-2.8"
"98.1","36","882.3","-3.1"
"103.2","36.5","882.3","-3.2"
"103.6","37.3","882.2","-3.4"
"100","37.3","882.2","-3.4"
"103","37.7","882.4","-3.5"
"98.7","38.2","882.5","-3.5"
"100.3","38","882.7","-3.4"
"85.1","38.6","883","-3.3"
"80.9","39.2","883.3","-3.4"
"96.2","39.1","883.6","-3.3"
"94.5","40.2","884.1","-3.2"
"96.5","39.6","884.1","-3.1"
"94.7","39.6","884.6","-2.8"
"104.3","39.3","885.1","-2.5"
"89.9","40","886","-2.3"
"78.9","39.6","887.7","-2"
"97.5","38.3","888.1","-1.9"
"97.9","38.5","890.4","-1.7"
"106.8","38.7","889.5","-1.6"
"106.2","38.9","889.6","-1.8"
"92.5","38.9","888.2","-1.6"
"99.1","39.1","887.7","-1.6"
"86.4","39.6","887","-1.4"
"99.1","39","887.4","-1.5"
"97.1","39.5","886.4","-1.4"
"106.1","40.2","886.2","-1.4"
"105.7","40.3","885.4","-1.3"
"105.9","40.7","885.3","-1.5"
"117.8","41.2","885.2","-1.5"
"123.9","42.2","884.5","-1.5"
"129.6","42.8","884.8","-1.5"
"136","43.2","884.9","-1.5"
"119.7","43","884.7","-1.4"
"116.4","42.5","884.2","-1.4"
"120.1","42.1","884.4","-1.3"
"100","42.4","884.2","-1.5"
"105.2","42.4","884.2","-1.3"
"112.4","44.3","883.9","-1.4"
"135.1","63","883.5","-2.2"
"124.4","72.2","883","-2.8"
"128.6","78","882.8","-3.1"
"117","80.5","882.8","-3.3"
"104.5","83.2","882.8","-3.4"
"99.5","85.6","882.5","-3.5"
"100.3","90.7","882.1","-3.7"
"97.9","89.4","881.9","-3.7"
"108.9","94.2","881.7","-3.9"
"114.2","99.3","881.7","-4.2"
"106.2","99.3","881.7","-4.2"
"116.7","99.3","881.5","-4.3"
"112.5","99.3","881.4","-4.3"
"102.8","99.3","881.4","-4.2"
"104.2","99.3","881.3","-4"
"21.6","88.9","881.2","-3.5"
"96.2","81.4","881.2","-3.3"
"108.4","88.4","881.1","-3.7"
"111.9","95.2","881.1","-4"
"155.3","80.9","881.1","-2.9"
"202.7","68.7","881.1","-2.3"
"247","72.3","881.1","-2.3"
"290.1","70.5","881.1","-2.4"
"309.1","69.7","881.1","-2.5"
"315","61.6","881.1","-2.1"
"314.2","56","881.1","-1.7"
"309.8","58.7","881.1","-2"
"304.9","66.4","881.1","-2.7"
"304.5","65.8","881","-2.5"
"303.9","65","881","-2.6"
"300.8","64","881","-2.4"
"299.6","62.8","880.9","-2.4"
"291.9","61.9","880.8","-2.3"
"296.2","57.6","880.9","-2.1"
"299.3","55.3","880.8","-2"
"299","54.9","880.8","-2.1"
"292.9","58.2","880.8","-2.5"
"292.7","59.1","880.8","-2.1"
"289.3","62.5","880.8","-2.1"
"294.1","63.3","880.7","-2"
"283.9","64.4","880.7","-1.9"
"286.1","65.5","880.6","-2.2"
"283.5","64.9","880.6","-2.5"
"295.8","66.9","880.5","-2.8"
"303.8","65.5","880.4","-2.4"
"296.2","61","880.4","-2.3"
"292.8","59.6","880.4","-2.2"
"292.2","61.7","880.4","-2.5"
"296.8","65.2","880.3","-3.1"
"294.3","62.4","880.2","-2.6"
"294.8","63","880.2","-2.7"
"299.6","63.2","880.1","-2.8"
"300.5","62","880","-2.7"
"301.9","60.1","880","-2.6"
"298.9","58.7","880","-2.3"
"298","60","880","-2.6"
"291.2","61","879.9","-2.8"
"295.5","63.7","879.9","-3.1"
"295.3","63","879.8","-3"
"291.7","66.3","879.7","-3.5"
"292.6","66.3","879.6","-2.8"
"295.9","68.2","879.6","-2.9"
"292","70.4","879.9","-3"
"288.2","69.6","880.3","-2.2"
"288","67.3","880.8","-1.8"
"290","70.2","882.1","-2.2"
"302.1","72.5","884.2","-2"
"292.1","71.8","886.3","-1.9"
"289.7","66.5","891.8","-1.3"
"282.6","64.1","894.2","-0.9"
"283.6","59.4","896.8","0"
"277.2","59.4","896.6","0.6"
"262.7","56","900.6","1.4"
"275.9","53.4","900.3","1.8"
"293.4","48.8","900.3","2.6"
"298.5","46.3","906.3","2.8"
"286.2","45","908","3.5"
"294.4","44.2","910.9","3.7"
"289.8","43.3","916.8","4.1"
"289.3","42.5","930.5","4.3"
"283.3","42.3","931.3","4.5"
"283.3","41","917.4","5.1"
"289.1","40.3","930.9","5.2"
"279.5","39","930.4","5.6"
"290.6","37.2","917.3","5.8"
"290","35.7","916.7","6.2"
"282.4","35.1","917.6","6.7"
"288.1","35.2","916.8","6.7"
"289.1","33.9","917","7.1"
"290.3","33.8","915.9","6.9"
"290","31.1","916.8","7.7"
"288.2","28.6","916.3","7.9"
"286.1","28","914.7","7.8"
"276.9","29.5","915.2","7.5"
"281.8","26.8","915.3","8.2"
"280.6","25.8","915","7.7"
"287.3","26.3","914.6","8"
"288.4","26.1","915.3","8.1"
"291.2","26.5","915.1","7.5"
"281.8","26.9","915","7.5"
"291.2","25.7","915.2","7.3"
"291.5","25.2","900","7.2"
"292.2","26.9","896","6.8"
"290.8","28.2","893.7","6.5"
"299","29.3","892.6","6.1"
"291.7","30.2","892","6"
"301.6","30.6","891.8","5.7"
"304.4","30.8","891.5","5.5"
"307.3","30.5","891.2","5.3"
"315.2","32.6","890.9","5.1"
"316.7","36.3","890.7","4.7"
"322","38.3","890.5","4.7"
"316.7","39.6","890.2","4.6"
"316.8","39.3","890.1","4.9"
"309.1","39","889.9","4.9"
"323.4","39.7","889.7","5"
"326.8","39.9","889.6","5"
"324.1","40.6","889.4","4.8"
"318.9","40.7","889.3","4.7"
"333.7","39.7","889.1","4.8"
"339","39.9","889","4.5"
"343.1","34.8","888.9","4.9"
"307.4","41.1","888.7","3.6"
"335.1","41.1","888.6","3.4"
"341.7","36.2","888.5","4.3"
"337.2","35.5","888.3","4.1"
"341.1","35.8","888.2","3.8"
"336.7","35.3","888.1","3.7"
"333.9","36.8","888","3.4"
"330.5","37.3","887.9","3.1"
"326.4","37.1","887.7","2.8"
"327","36.9","887.6","2.8"
"328.8","34.7","887.5","3.1"
"316.4","36.5","887.4","2.8"
"322.2","36.9","887.2","2.8"
"318.4","36.1","887.1","2.7"
"313","35.2","887","2.7"
"300.3","37.3","887","2.3"
"258.2","40.9","886.8","1.9"
"273.5","44.2","886.7","1.6"
"299.7","42.3","886.6","1.5"
"290.6","39.8","886.4","1.9"
"304.1","39.4","886.5","1.6"
"280.4","43.6","886.3","1.1"
"253.1","44.2","886.2","0.9"
"257.1","43.4","886.1","0.8"
"280.3","42.8","886","0.9"
"252.5","41.5","885.9","0.9"
"268.9","42.3","885.8","0.6"
"269.9","42.1","885.6","0.7"
"258.8","41.3","885.6","0.6"
"257.8","41.2","885.5","0.5"
"265.5","40.8","885.4","0.5"
"266.7","41.1","885.3","0.4"
"273.7","40.3","885.2","0.3"
"278.9","40.1","885.1","0.2"
"285.4","40.1","884.8","0.1"
"287.2","40","884.9","-0.1"
"267.6","38.7","885","0"
"288.7","37.7","885.5","0.1"
"290.7","37.7","885.6","0.1"
"285.8","37.5","886","0.2"
"287","36.5","886.8","0.4"
"278.8","35.5","887.2","0.5"
"283","35.1","888.4","0.7"
"275.8","34.9","890.9","1"
"297.6","35.3","892.1","1.1"
"284.3","34.6","895.4","1.4"
"279.4","34.1","907.4","1.9"
"296.5","32.9","903.4","2.3"
"304.1","28.6","904.2","2.6"
"310.4","29.5","923.4","3.2"
"301.8","27.7","914.8","3.6"
"304.9","27.3","931.8","3.8"
"303","26.1","931","4.2"
"308.7","27.1","930.8","4.4"
"274.6","24.9","916.6","5.7"
"275.6","26.1","916.6","5.1"
"301.3","26.9","916.3","4.5"
"286.3","26.7","916.6","4.9"
"299","26.6","917.1","5.4"
"301.7","27.2","917.1","5.1"
"328.5","26.7","917.2","5.2"
"301.3","26.4","916.5","5.7"
"256.7","25.7","917.6","6.4"
"268.4","25.9","917","6"
"272.5","25.2","916.3","6.8"
"259.5","25.1","914.9","6.7"
"272.6","25.3","914.3","6.3"
"306.5","25.1","915.6","6.5"
"290.9","25.3","916.5","6.2"
"293.1","25.5","915","6"
"286.1","25.2","915.6","6.1"
"315.7","25.5","916","5.8"
"313.2","25.5","916.7","5.8"
"315.2","25.4","914.2","5.7"
"74.8","25.5","896.9","5.6"
"97.8","36","894.4","4.4"
"99.8","36.6","892.8","4.1"
"91","39.1","891.8","3.6"
